China,547,17,0,undefined
Macau,1,0,0,undefined
Taiwan,1,0,0,undefined
United States,1,0,0,undefined
Japan,2,0,0,undefined
Thailand,2,0,0,undefined
South Korea,1,0,0,undefined
China,639,18,0,undefined
Hong Kong,2,0,0,undefined
Macau,2,0,0,undefined
Taiwan,1,0,0,undefined
United States,1,0,0,undefined
Japan,1,0,0,undefined
Thailand,3,0,0,undefined
South Korea,1,0,0,undefined
Singapore,1,0,0,undefined
Vietnam,2,0,0,undefined
China,916,26,0,undefined
Taiwan,3,0,0,undefined
Hong Kong,2,0,0,undefined
Macau,2,0,0,undefined
United States,2,0,0,undefined
Japan,2,0,0,undefined
Thailand,5,0,0,undefined
South Korea,2,0,0,undefined
Singapore,3,0,0,undefined
Vietnam,2,0,0,undefined
France,2,0,0,undefined
China,1399,42,0,undefined
Hong Kong,5,0,0,undefined
Taiwan,3,0,0,undefined
Macau,2,0,0,undefined
United States,2,0,0,undefined
Japan,2,0,0,undefined
Thailand,7,0,0,undefined
South Korea,2,0,0,undefined
Singapore,3,0,0,undefined
Vietnam,2,0,0,undefined
France,3,0,0,undefined
Australia,4,0,0,undefined
Nepal,1,0,0,undefined
Malaysia,3,0,0,undefined
China,2062,56,0,undefined
Hong Kong,8,0,0,undefined
Macau,5,0,0,undefined
Taiwan,4,0,0,undefined
United States,5,0,0,undefined
Japan,4,0,0,undefined
Thailand,8,0,0,undefined
South Korea,3,0,0,undefined
Singapore,4,0,0,undefined
Vietnam,2,0,0,undefined
France,3,0,0,undefined
Australia,4,0,0,undefined
Nepal,1,0,0,undefined
Malaysia,4,0,0,undefined
Canada,1,0,0,undefined
China,2863,82,0,undefined
Hong Kong,8,0,0,undefined
Macau,6,0,0,undefined
Taiwan,5,0,0,undefined
United States,5,0,0,undefined
Japan,4,0,0,undefined
Thailand,8,0,0,undefined
South Korea,4,0,0,undefined
Singapore,5,0,0,undefined
Vietnam,2,0,0,undefined
France,3,0,0,undefined
Nepal,1,0,0,undefined
Malaysia,4,0,0,undefined
Canada,1,0,0,undefined
Cambodia,1,0,0,undefined
Sri Lanka,1,0,0,undefined
CÃ´te dIvoire,1,0,0,undefined
Australia,5,0,0,undefined
China,5494,131,0,undefined
Taiwan,8,0,0,undefined
Hong Kong,8,0,0,undefined
Macau,7,0,0,undefined
United States,5,0,0,undefined
Japan,7,0,0,undefined
Thailand,14,0,0,undefined
South Korea,4,0,0,undefined
Singapore,7,0,0,undefined
Vietnam,2,0,0,undefined
France,4,0,0,undefined
Nepal,1,0,0,undefined
Malaysia,4,0,0,undefined
Canada,2,0,0,undefined
Cambodia,1,0,0,undefined
Sri Lanka,1,0,0,undefined
Australia,5,0,0,undefined
Germany,4,0,0,undefined
China,6070,133,0,undefined
Hong Kong,10,0,0,undefined
Taiwan,8,0,0,undefined
Macau,7,0,0,undefined
United States,5,0,0,undefined
Japan,7,0,0,undefined
Thailand,14,0,0,undefined
South Korea,4,0,0,undefined
Singapore,7,0,0,undefined
Vietnam,2,0,0,undefined
France,5,0,0,undefined
Nepal,1,0,0,undefined
Malaysia,7,0,0,undefined
Canada,2,0,0,undefined
Cambodia,1,0,0,undefined
Sri Lanka,1,0,0,undefined
Australia,5,0,0,undefined
Germany,4,0,0,undefined
Finland,1,0,0,undefined
United Arab Emirates,4,0,0,undefined
China,8124,171,0,undefined
Hong Kong,10,0,0,undefined
Taiwan,9,0,0,undefined
Macau,7,0,0,undefined
United States,5,0,0,undefined
Japan,11,0,0,undefined
Thailand,14,0,0,undefined
South Korea,4,0,0,undefined
Singapore,10,0,0,undefined
Vietnam,2,0,0,undefined
France,5,0,0,undefined
Nepal,1,0,0,undefined
Malaysia,8,0,0,undefined
Canada,3,0,0,undefined
Cambodia,1,0,0,undefined
Sri Lanka,1,0,0,undefined
Australia,9,0,0,undefined
Germany,4,0,0,undefined
Finland,1,0,0,undefined
United Arab Emirates,4,0,0,undefined
Philippines,1,0,0,undefined
India,1,0,0,undefined
China,9783,213,0,undefined
Hong Kong,12,0,0,undefined
Taiwan,10,0,0,undefined
Macau,7,0,0,undefined
Thailand,19,0,0,undefined
Japan,15,0,0,undefined
Singapore,13,0,0,undefined
South Korea,11,0,0,undefined
Malaysia,8,0,0,undefined
France,5,0,0,undefined
Germany,5,0,0,undefined
Australia,9,0,0,undefined
United Arab Emirates,4,0,0,undefined
United States,6,0,0,undefined
Vietnam,2,0,0,undefined
Canada,3,0,0,undefined
Italy,2,0,0,undefined
United Kingdom,2,0,0,undefined
Russia,2,0,0,undefined
Nepal,1,0,0,undefined
Cambodia,1,0,0,undefined
Sri Lanka,1,0,0,undefined
Finland,1,0,0,undefined
Philippines,1,0,0,undefined
India,1,0,0,undefined
Sweden,1,0,0,undefined
China,11871,259,0,undefined
Japan,20,0,0,undefined
Thailand,19,0,0,undefined
Singapore,16,0,0,undefined
Hong Kong,13,0,0,undefined
South Korea,12,0,0,undefined
Taiwan,10,0,0,undefined
Malaysia,8,0,0,undefined
Germany,8,0,0,undefined
Macau,7,0,0,undefined
France,6,0,0,undefined
Vietnam,6,0,0,undefined
Australia,12,0,0,undefined
United Arab Emirates,4,0,0,undefined
Canada,4,0,0,undefined
Italy,2,0,0,undefined
Russia,2,0,0,undefined
United Kingdom,2,0,0,undefined
Cambodia,1,0,0,undefined
Finland,1,0,0,undefined
India,1,0,0,undefined
Nepal,1,0,0,undefined
Philippines,1,0,0,undefined
Spain,1,0,0,undefined
Sri Lanka,1,0,0,undefined
Sweden,1,0,0,undefined
China,16607,361,0,undefined
Japan,20,0,0,undefined
Thailand,19,0,0,undefined
Singapore,18,0,0,undefined
Hong Kong,15,0,0,undefined
South Korea,15,0,0,undefined
Germany,10,0,0,undefined
Taiwan,10,0,0,undefined
Macau,8,0,0,undefined
Malaysia,8,0,0,undefined
France,6,0,0,undefined
Vietnam,6,0,0,undefined
United Arab Emirates,5,0,0,undefined
Australia,12,0,0,undefined
Canada,4,0,0,undefined
India,2,0,0,undefined
Italy,2,0,0,undefined
Philippines,2,1,0,undefined
Russia,2,0,0,undefined
United Kingdom,2,0,0,undefined
Cambodia,1,0,0,undefined
Finland,1,0,0,undefined
Nepal,1,0,0,undefined
Spain,1,0,0,undefined
Sri Lanka,1,0,0,undefined
Sweden,1,0,0,undefined
China,19693,425,0,undefined
Japan,20,0,0,undefined
Thailand,19,0,0,undefined
Singapore,18,0,0,undefined
Hong Kong,15,0,0,undefined
South Korea,15,0,0,undefined
Germany,12,0,0,undefined
Taiwan,10,0,0,undefined
Macau,8,0,0,undefined
Malaysia,8,0,0,undefined
Vietnam,8,0,0,undefined
France,6,0,0,undefined
United Arab Emirates,5,0,0,undefined
Australia,12,0,0,undefined
Canada,4,0,0,undefined
India,3,0,0,undefined
Italy,2,0,0,undefined
Philippines,2,1,0,undefined
Russia,2,0,0,undefined
United Kingdom,2,0,0,undefined
Cambodia,1,0,0,undefined
Finland,1,0,0,undefined
Nepal,1,0,0,undefined
Spain,1,0,0,undefined
Sri Lanka,1,0,0,undefined
Sweden,1,0,0,undefined
China,23680,490,0,undefined
Thailand,25,0,0,undefined
Singapore,24,0,0,undefined
Japan,22,0,0,undefined
Hong Kong,17,1,0,undefined
South Korea,16,0,0,undefined
Germany,12,0,0,undefined
Taiwan,11,0,0,undefined
Macau,10,0,0,undefined
Malaysia,10,0,0,undefined
Vietnam,8,0,0,undefined
France,6,0,0,undefined
United Arab Emirates,5,0,0,undefined
Australia,13,0,0,undefined
India,3,0,0,undefined
Italy,2,0,0,undefined
Philippines,2,1,0,undefined
Russia,2,0,0,undefined
United Kingdom,2,0,0,undefined
Belgium,1,0,0,undefined
Cambodia,1,0,0,undefined
Canada,1,0,0,undefined
Finland,1,0,0,undefined
Nepal,1,0,0,undefined
Spain,1,0,0,undefined
Sri Lanka,1,0,0,undefined
Sweden,1,0,0,undefined
China,27409,562,0,undefined
Singapore,28,0,0,undefined
Thailand,25,0,0,undefined
Japan,22,0,0,undefined
Hong Kong,21,1,0,undefined
South Korea,19,0,0,undefined
Germany,12,0,0,undefined
Malaysia,12,0,0,undefined
Taiwan,11,0,0,undefined
Macau,10,0,0,undefined
Vietnam,8,0,0,undefined
France,6,0,0,undefined
United Arab Emirates,5,0,0,undefined
Australia,13,0,0,undefined
India,3,0,0,undefined
Canada,2,0,0,undefined
Italy,2,0,0,undefined
Philippines,2,1,0,undefined
Russia,2,0,0,undefined
United Kingdom,2,0,0,undefined
Belgium,1,0,0,undefined
Cambodia,1,0,0,undefined
Finland,1,0,0,undefined
Nepal,1,0,0,undefined
Spain,1,0,0,undefined
Sri Lanka,1,0,0,undefined
Sweden,1,0,0,undefined
China,30553,632,0,undefined
Japan,45,0,0,undefined
Singapore,28,0,0,undefined
Thailand,25,0,0,undefined
Hong Kong,24,1,0,undefined
South Korea,23,0,0,undefined
Taiwan,16,0,0,undefined
Germany,12,0,0,undefined
Malaysia,12,0,0,undefined
Macau,10,0,0,undefined
Vietnam,10,0,0,undefined
France,6,0,0,undefined
United Arab Emirates,5,0,0,undefined
Australia,14,0,0,undefined
India,3,0,0,undefined
Canada,2,0,0,undefined
Italy,2,0,0,undefined
Philippines,2,1,0,undefined
Russia,2,0,0,undefined
United Kingdom,2,0,0,undefined
Belgium,1,0,0,undefined
Cambodia,1,0,0,undefined
Finland,1,0,0,undefined
Nepal,1,0,0,undefined
Spain,1,0,0,undefined
Sri Lanka,1,0,0,undefined
Sweden,1,0,0,undefined
China,34075,717,0,undefined
Japan,86,0,0,undefined
Singapore,30,0,0,undefined
Hong Kong,25,1,0,undefined
Thailand,25,0,0,undefined
South Korea,24,0,0,undefined
Taiwan,16,0,0,undefined
Germany,13,0,0,undefined
Malaysia,12,0,0,undefined
Macau,10,0,0,undefined
Vietnam,10,0,0,undefined
France,6,0,0,undefined
Australia,15,0,0,undefined
United Arab Emirates,5,0,0,undefined
Canada,4,0,0,undefined
India,3,0,0,undefined
Italy,3,0,0,undefined
Philippines,3,1,0,undefined
United Kingdom,3,0,0,undefined
Russia,2,0,0,undefined
Belgium,1,0,0,undefined
Cambodia,1,0,0,undefined
Finland,1,0,0,undefined
Nepal,1,0,0,undefined
Spain,1,0,0,undefined
Sri Lanka,1,0,0,undefined
Sweden,1,0,0,undefined
China,36778,804,0,undefined
Japan,86,0,0,undefined
Singapore,33,0,0,undefined
Thailand,32,0,0,undefined
Hong Kong,26,1,0,undefined
South Korea,24,0,0,undefined
Taiwan,17,0,0,undefined
Malaysia,16,0,0,undefined
Germany,13,0,0,undefined
Vietnam,13,0,0,undefined
France,11,0,0,undefined
Macau,10,0,0,undefined
United Arab Emirates,7,0,0,undefined
Australia,15,0,0,undefined
Canada,4,0,0,undefined
India,3,0,0,undefined
Italy,3,0,0,undefined
Philippines,3,1,0,undefined
United Kingdom,3,0,0,undefined
Russia,2,0,0,undefined
Belgium,1,0,0,undefined
Cambodia,1,0,0,undefined
Finland,1,0,0,undefined
Nepal,1,0,0,undefined
Spain,1,0,0,undefined
Sri Lanka,1,0,0,undefined
Sweden,1,0,0,undefined
China,39790,904,0,undefined
Japan,90,0,0,undefined
Singapore,40,0,0,undefined
Thailand,32,0,0,undefined
Hong Kong,29,1,0,undefined
South Korea,25,0,0,undefined
Taiwan,18,0,0,undefined
Malaysia,16,0,0,undefined
Germany,14,0,0,undefined
Vietnam,13,0,0,undefined
France,11,0,0,undefined
Macau,10,0,0,undefined
United Arab Emirates,7,0,0,undefined
Australia,15,0,0,undefined
Canada,4,0,0,undefined
India,3,0,0,undefined
Italy,3,0,0,undefined
Philippines,3,1,0,undefined
United Kingdom,3,0,0,undefined
Russia,2,0,0,undefined
Spain,2,0,0,undefined
Belgium,1,0,0,undefined
Cambodia,1,0,0,undefined
Finland,1,0,0,undefined
Nepal,1,0,0,undefined
Sri Lanka,1,0,0,undefined
Sweden,1,0,0,undefined
China,42306,1011,0,undefined
Japan,161,0,0,undefined
Singapore,45,0,0,undefined
Hong Kong,38,1,0,undefined
Thailand,32,0,0,undefined
South Korea,27,0,0,undefined
Malaysia,18,0,0,undefined
Taiwan,18,0,0,undefined
Germany,14,0,0,undefined
Vietnam,14,0,0,undefined
France,11,0,0,undefined
Macau,10,0,0,undefined
United Kingdom,8,0,0,undefined
United Arab Emirates,8,0,0,undefined
Australia,15,0,0,undefined
Canada,4,0,0,undefined
India,3,0,0,undefined
Italy,3,0,0,undefined
Philippines,3,1,0,undefined
Russia,2,0,0,undefined
Spain,2,0,0,undefined
Belgium,1,0,0,undefined
Cambodia,1,0,0,undefined
Finland,1,0,0,undefined
Nepal,1,0,0,undefined
Sri Lanka,1,0,0,undefined
Sweden,1,0,0,undefined
China,44327,1111,0,undefined
Japan,161,0,0,undefined
Hong Kong,49,1,0,undefined
Singapore,47,0,0,undefined
Thailand,33,0,0,undefined
South Korea,28,0,0,undefined
Malaysia,18,0,0,undefined
Taiwan,18,0,0,undefined
Germany,16,0,0,undefined
Vietnam,15,0,0,undefined
France,11,0,0,undefined
Macau,10,0,0,undefined
United Kingdom,8,0,0,undefined
United Arab Emirates,8,0,0,undefined
Australia,15,0,0,undefined
Canada,4,0,0,undefined
India,3,0,0,undefined
Italy,3,0,0,undefined
Philippines,3,1,0,undefined
Russia,2,0,0,undefined
Spain,2,0,0,undefined
Belgium,1,0,0,undefined
Cambodia,1,0,0,undefined
Finland,1,0,0,undefined
Nepal,1,0,0,undefined
Sri Lanka,1,0,0,undefined
Sweden,1,0,0,undefined
China,44699,1116,0,undefined
Japan,203,0,0,undefined
Hong Kong,50,1,0,undefined
Singapore,50,0,0,undefined
Thailand,33,0,0,undefined
South Korea,28,0,0,undefined
Malaysia,18,0,0,undefined
Taiwan,18,0,0,undefined
Germany,16,0,0,undefined
Vietnam,15,0,0,undefined
France,11,0,0,undefined
Macau,10,0,0,undefined
United Kingdom,9,0,0,undefined
United Arab Emirates,8,0,0,undefined
Australia,15,0,0,undefined
Canada,4,0,0,undefined
India,3,0,0,undefined
Italy,3,0,0,undefined
Philippines,3,1,0,undefined
Russia,2,0,0,undefined
Spain,2,0,0,undefined
Belgium,1,0,0,undefined
Cambodia,1,0,0,undefined
Finland,1,0,0,undefined
Nepal,1,0,0,undefined
Sri Lanka,1,0,0,undefined
Sweden,1,0,0,undefined
China,59832,1368,0,undefined
Japan,203,1,0,undefined
Singapore,58,0,0,undefined
Hong Kong,53,1,0,undefined
Thailand,33,0,0,undefined
South Korea,28,0,0,undefined
Malaysia,19,0,0,undefined
Taiwan,18,0,0,undefined
Germany,16,0,0,undefined
Vietnam,16,0,0,undefined
France,11,0,0,undefined
Macau,10,0,0,undefined
United Kingdom,9,0,0,undefined
United Arab Emirates,8,0,0,undefined
Australia,15,0,0,undefined
Canada,4,0,0,undefined
India,3,0,0,undefined
Italy,3,0,0,undefined
Philippines,3,1,0,undefined
Russia,2,0,0,undefined
Spain,2,0,0,undefined
Belgium,1,0,0,undefined
Cambodia,1,0,0,undefined
Finland,1,0,0,undefined
Nepal,1,0,0,undefined
Sri Lanka,1,0,0,undefined
Sweden,1,0,0,undefined
China,66292,1520,7973,undefined
Japan,247,1,9,undefined
Singapore,67,0,17,undefined
Hong Kong,56,1,1,undefined
Thailand,33,0,12,undefined
South Korea,28,0,7,undefined
Malaysia,19,0,3,undefined
Taiwan,18,0,2,undefined
Germany,16,0,1,undefined
Vietnam,16,0,7,undefined
France,11,0,2,undefined
Macau,10,0,3,undefined
United Kingdom,9,0,1,undefined
United Arab Emirates,8,0,1,undefined
Australia,15,0,8,undefined
Canada,4,0,0,undefined
India,3,0,0,undefined
Italy,3,0,0,undefined
Philippines,3,1,1,undefined
Russia,2,0,2,undefined
Spain,2,0,0,undefined
Belgium,1,0,0,undefined
Cambodia,1,0,1,undefined
Egypt,1,0,0,undefined
Finland,1,0,1,undefined
Nepal,1,0,1,undefined
Sri Lanka,1,0,1,undefined
Sweden,1,0,0,undefined
China,68347,1662,9294,undefined
Japan,328,1,12,undefined
Singapore,72,0,18,undefined
Hong Kong,56,1,1,undefined
Thailand,33,0,12,undefined
South Korea,28,0,9,undefined
Malaysia,22,0,7,undefined
Taiwan,18,0,2,undefined
Germany,16,0,1,undefined
Vietnam,16,0,7,undefined
France,12,1,4,undefined
Macau,10,0,3,undefined
United Kingdom,9,0,1,undefined
United Arab Emirates,8,0,3,undefined
Australia,15,0,8,undefined
Canada,4,0,0,undefined
India,3,0,0,undefined
Italy,3,0,0,undefined
Philippines,3,1,1,undefined
Russia,2,0,2,undefined
Spain,2,0,2,undefined
Belgium,1,0,0,undefined
Cambodia,1,0,1,undefined
Egypt,1,0,0,undefined
Finland,1,0,1,undefined
Nepal,1,0,1,undefined
Sri Lanka,1,0,1,undefined
Sweden,1,0,0,undefined
China,70446,1765,10748,undefined
Japan,414,1,12,undefined
Singapore,75,0,18,undefined
Hong Kong,57,1,2,undefined
Thailand,34,0,14,undefined
South Korea,29,0,9,undefined
Malaysia,22,0,7,undefined
Taiwan,20,1,2,undefined
Germany,16,0,1,undefined
Vietnam,16,0,7,undefined
France,12,1,4,undefined
Macau,10,0,5,undefined
United Kingdom,9,0,8,undefined
United Arab Emirates,9,0,4,undefined
Australia,15,0,8,undefined
Canada,4,0,0,undefined
India,3,0,3,undefined
Italy,3,0,0,undefined
Philippines,3,1,1,undefined
Russia,2,0,2,undefined
Spain,2,0,2,undefined
Belgium,1,0,0,undefined
Cambodia,1,0,1,undefined
Egypt,1,0,0,undefined
Finland,1,0,1,undefined
Nepal,1,0,1,undefined
Sri Lanka,1,0,1,undefined
Sweden,1,0,0,undefined
China,72364,1863,0,undefined
Japan,520,1,0,undefined
Singapore,77,0,0,undefined
Hong Kong,60,1,0,undefined
Thailand,35,0,0,undefined
South Korea,30,0,0,undefined
Malaysia,22,0,0,undefined
Taiwan,22,1,0,undefined
Germany,16,0,0,undefined
Vietnam,16,0,0,undefined
France,12,1,0,undefined
Macau,10,0,0,undefined
United Kingdom,9,0,0,undefined
United Arab Emirates,9,0,0,undefined
Australia,15,0,0,undefined
Canada,5,0,0,undefined
India,3,0,0,undefined
Italy,3,0,0,undefined
Philippines,3,1,0,undefined
Russia,2,0,0,undefined
Spain,2,0,0,undefined
Belgium,1,0,0,undefined
Cambodia,1,0,0,undefined
Egypt,1,0,0,undefined
Finland,1,0,0,undefined
Nepal,1,0,0,undefined
Sri Lanka,1,0,0,undefined
Sweden,1,0,0,undefined
China,74139,2002,0,undefined
Japan,616,1,0,undefined
Singapore,81,0,0,undefined
Hong Kong,62,1,0,undefined
Thailand,35,0,0,undefined
South Korea,31,0,0,undefined
Malaysia,22,0,0,undefined
Taiwan,22,1,0,undefined
Germany,16,0,0,undefined
Vietnam,16,0,0,undefined
France,12,1,0,undefined
Macau,10,0,0,undefined
United Kingdom,9,0,0,undefined
United Arab Emirates,9,0,0,undefined
Australia,15,0,0,undefined
Canada,5,0,0,undefined
India,3,0,0,undefined
Italy,3,0,0,undefined
Philippines,3,1,0,undefined
Russia,2,0,0,undefined
Spain,2,0,0,undefined
Belgium,1,0,0,undefined
Cambodia,1,0,0,undefined
Egypt,1,0,0,undefined
Finland,1,0,0,undefined
Nepal,1,0,0,undefined
Sri Lanka,1,0,0,undefined
Sweden,1,0,0,undefined
China,74546,2114,15952,undefined
Japan,705,1,19,undefined
Singapore,84,0,34,undefined
Hong Kong,63,2,5,undefined
Thailand,35,0,15,undefined
South Korea,31,0,12,undefined
Taiwan,23,1,2,undefined
Malaysia,22,0,15,undefined
Germany,16,0,12,undefined
Vietnam,16,0,7,undefined
France,12,1,4,undefined
Macau,10,0,5,undefined
United Kingdom,9,0,8,undefined
United Arab Emirates,9,0,4,undefined
Australia,15,0,10,undefined
Canada,5,0,0,undefined
India,3,0,3,undefined
Italy,3,0,0,undefined
Philippines,3,1,1,undefined
Iran,2,2,0,undefined
Russia,2,0,2,undefined
Spain,2,0,2,undefined
Belgium,1,0,1,undefined
Cambodia,1,0,1,undefined
Egypt,1,0,0,undefined
Finland,1,0,1,undefined
Nepal,1,0,1,undefined
Sri Lanka,1,0,1,undefined
Sweden,1,0,0,undefined
China,74999,2236,18002,undefined
Japan,728,3,19,undefined
South Korea,104,1,16,undefined
Singapore,84,0,34,undefined
Hong Kong,68,2,6,undefined
Thailand,35,0,15,undefined
Taiwan,24,1,2,undefined
Malaysia,22,0,15,undefined
Germany,16,0,12,undefined
Vietnam,16,0,7,undefined
France,12,1,4,undefined
Macau,10,0,6,undefined
United Kingdom,9,0,8,undefined
United Arab Emirates,9,0,4,undefined
Australia,15,0,10,undefined
Canada,5,0,0,undefined
Iran,5,2,0,undefined
India,3,0,3,undefined
Italy,3,0,0,undefined
Philippines,3,1,1,undefined
Russia,2,0,2,undefined
Spain,2,0,2,undefined
Belgium,1,0,1,undefined
Cambodia,1,0,1,undefined
Egypt,1,0,0,undefined
Finland,1,0,1,undefined
Nepal,1,0,1,undefined
Sri Lanka,1,0,1,undefined
Sweden,1,0,0,undefined
China,75472,2236,18693,undefined
Japan,739,3,23,undefined
South Korea,204,2,16,undefined
Singapore,85,0,37,undefined
Hong Kong,68,2,5,undefined
Thailand,35,0,17,undefined
Taiwan,26,1,2,undefined
Malaysia,22,0,15,undefined
Italy,20,1,0,undefined
Iran,18,4,0,undefined
Germany,16,0,14,undefined
Vietnam,16,0,14,undefined
France,12,1,4,undefined
Macau,10,0,6,undefined
United Kingdom,9,0,8,undefined
United Arab Emirates,9,0,4,undefined
Canada,6,0,0,undefined
Australia,19,0,11,undefined
India,3,0,3,undefined
Philippines,3,1,1,undefined
Russia,2,0,2,undefined
Spain,2,0,2,undefined
Belgium,1,0,1,undefined
Cambodia,1,0,1,undefined
Egypt,1,0,0,undefined
Finland,1,0,1,undefined
Israel,1,0,0,undefined
Lebanon,1,0,0,undefined
Nepal,1,0,1,undefined
Sri Lanka,1,0,1,undefined
Sweden,1,0,0,undefined
China,76922,2441,22687,undefined
Japan,756,3,23,undefined
South Korea,433,2,16,undefined
Singapore,85,0,37,undefined
Hong Kong,69,2,6,undefined
Italy,62,2,1,undefined
Thailand,35,0,17,undefined
Iran,28,5,0,undefined
Taiwan,26,1,2,undefined
Malaysia,22,0,15,undefined
Germany,16,0,14,undefined
Vietnam,16,0,14,undefined
United Arab Emirates,13,0,4,undefined
France,12,1,4,undefined
Macau,10,0,6,undefined
United Kingdom,9,0,8,undefined
Australia,22,0,11,undefined
Canada,6,0,0,undefined
India,3,0,3,undefined
Philippines,3,1,1,undefined
Russia,2,0,2,undefined
Spain,2,0,2,undefined
Belgium,1,0,1,undefined
Cambodia,1,0,1,undefined
Egypt,1,0,0,undefined
Finland,1,0,1,undefined
Israel,1,0,0,undefined
Lebanon,1,0,0,undefined
Nepal,1,0,1,undefined
Sri Lanka,1,0,1,undefined
Sweden,1,0,0,undefined
China,76938,2443,23170,undefined
Japan,838,4,22,undefined
South Korea,602,6,18,undefined
Italy,155,3,2,undefined
Singapore,89,0,51,undefined
Hong Kong,74,2,11,undefined
Iran,43,8,0,undefined
Thailand,35,0,21,undefined
Taiwan,28,1,2,undefined
Malaysia,22,0,15,undefined
Germany,16,0,14,undefined
Vietnam,16,0,14,undefined
United Arab Emirates,13,0,4,undefined
France,12,1,4,undefined
Macau,10,0,6,undefined
United Kingdom,9,0,8,undefined
Australia,22,0,11,undefined
Canada,6,0,0,undefined
India,3,0,3,undefined
Philippines,3,1,1,undefined
Russia,2,0,2,undefined
Spain,2,0,2,undefined
Belgium,1,0,1,undefined
Cambodia,1,0,1,undefined
Egypt,1,0,0,undefined
Finland,1,0,1,undefined
Israel,1,0,0,undefined
Lebanon,1,0,0,undefined
Nepal,1,0,1,undefined
Sri Lanka,1,0,1,undefined
Sweden,1,0,0,undefined
China,77152,2593,24990,undefined
South Korea,833,8,18,undefined
Japan,850,4,22,undefined
Italy,229,7,1,undefined
Singapore,89,0,51,undefined
Hong Kong,79,2,19,undefined
Iran,61,12,0,undefined
United States,36,0,0,undefined
Thailand,35,0,21,undefined
Taiwan,30,1,5,undefined
Malaysia,22,0,18,undefined
Germany,16,0,14,undefined
Vietnam,16,0,14,undefined
United Kingdom,13,0,8,undefined
United Arab Emirates,13,0,4,undefined
France,12,1,4,undefined
Macau,10,0,6,undefined
Australia,22,0,11,undefined
Canada,6,0,0,undefined
India,3,0,3,undefined
Philippines,3,1,1,undefined
Oman,2,0,0,undefined
Russia,2,0,2,undefined
Spain,2,0,2,undefined
Afghanistan,1,0,0,undefined
Bahrain,1,0,0,undefined
Belgium,1,0,1,undefined
Cambodia,1,0,1,undefined
Egypt,1,0,0,undefined
Finland,1,0,1,undefined
Iraq,1,0,0,undefined
Israel,1,0,0,undefined
Kuwait,1,0,0,undefined
Lebanon,1,0,0,undefined
Nepal,1,0,1,undefined
Sri Lanka,1,0,1,undefined
Sweden,1,0,0,undefined
China,77660,2663,27650,undefined
South Korea,977,10,22,undefined
Japan,861,4,22,undefined
Italy,322,10,1,undefined
Iran,95,16,0,undefined
Singapore,91,0,53,undefined
Hong Kong,84,2,19,undefined
Thailand,37,0,22,undefined
United States,36,0,0,undefined
Taiwan,31,1,5,undefined
Bahrain,23,0,0,undefined
Malaysia,22,0,18,undefined
Germany,17,0,14,undefined
Vietnam,16,0,16,undefined
France,14,1,11,undefined
United Kingdom,13,0,8,undefined
United Arab Emirates,13,0,4,undefined
Kuwait,11,0,0,undefined
Macau,10,0,7,undefined
Australia,22,0,11,undefined
Canada,7,0,0,undefined
Spain,6,0,2,undefined
India,3,0,3,undefined
Philippines,3,1,1,undefined
Austria,2,0,0,undefined
Oman,2,0,0,undefined
Russia,2,0,2,undefined
Afghanistan,1,0,0,undefined
Algeria,1,0,0,undefined
Belgium,1,0,1,undefined
Cambodia,1,0,1,undefined
Croatia,1,0,0,undefined
Egypt,1,0,0,undefined
Finland,1,0,1,undefined
Iraq,1,0,0,undefined
Israel,1,0,0,undefined
Lebanon,1,0,0,undefined
Nepal,1,0,1,undefined
Sri Lanka,1,0,1,undefined
Sweden,1,0,0,undefined
Switzerland,1,0,0,undefined
China,78065,2715,30053,undefined
South Korea,1261,12,22,undefined
Japan,894,6,32,undefined
Italy,453,12,3,undefined
Iran,139,19,49,undefined
Singapore,93,0,62,undefined
Hong Kong,91,2,24,undefined
United States,42,0,0,undefined
Thailand,40,0,22,undefined
Bahrain,33,0,0,undefined
Taiwan,32,1,5,undefined
Germany,27,0,15,undefined
Kuwait,26,0,0,undefined
Malaysia,22,0,18,undefined
France,18,2,11,undefined
Vietnam,16,0,16,undefined
Spain,13,0,2,undefined
United Kingdom,13,0,8,undefined
United Arab Emirates,13,0,4,undefined
Macau,10,0,7,undefined
Australia,22,0,11,undefined
Canada,7,0,0,undefined
Iraq,5,0,0,undefined
Oman,4,0,0,undefined
Croatia,3,0,0,undefined
India,3,0,3,undefined
Philippines,3,1,1,undefined
Austria,2,0,0,undefined
Finland,2,0,1,undefined
Israel,2,0,0,undefined
Lebanon,2,0,0,undefined
Pakistan,2,0,0,undefined
Russia,2,0,2,undefined
Sweden,2,0,0,undefined
Afghanistan,1,0,0,undefined
Algeria,1,0,0,undefined
Belgium,1,0,1,undefined
Brazil,1,0,0,undefined
Cambodia,1,0,1,undefined
Egypt,1,0,0,undefined
Georgia,1,0,0,undefined
Greece,1,0,0,undefined
Nepal,1,0,1,undefined
Macedonia [FYROM],1,0,0,undefined
Norway,1,0,0,undefined
Romania,1,0,0,undefined
Sri Lanka,1,0,1,undefined
Switzerland,1,0,0,undefined
China,78498,2744,32898,undefined
South Korea,1766,13,22,undefined
Japan,919,8,32,undefined
Italy,655,17,45,undefined
Iran,245,26,49,undefined
Singapore,93,0,62,undefined
Hong Kong,92,2,24,undefined
Germany,46,0,16,undefined
Kuwait,43,0,0,undefined
United States,42,0,0,undefined
Thailand,40,0,22,undefined
France,38,2,11,undefined
Bahrain,33,0,0,undefined
Taiwan,32,1,5,undefined
Malaysia,23,0,18,undefined
Vietnam,16,0,16,undefined
Spain,15,0,2,undefined
United Kingdom,15,0,8,undefined
United Arab Emirates,13,0,4,undefined
Macau,10,0,8,undefined
Australia,23,0,11,undefined
Switzerland,8,0,0,undefined
Canada,7,0,3,undefined
Iraq,7,0,0,undefined
Sweden,7,0,0,undefined
Oman,4,0,0,undefined
Austria,3,0,0,undefined
Croatia,3,0,0,undefined
Greece,3,0,0,undefined
India,3,0,3,undefined
Israel,3,0,1,undefined
Philippines,3,1,1,undefined
Finland,2,0,1,undefined
Lebanon,2,0,0,undefined
Pakistan,2,0,0,undefined
Russia,2,0,2,undefined
Afghanistan,1,0,0,undefined
Algeria,1,0,0,undefined
Belgium,1,0,1,undefined
Brazil,1,0,0,undefined
Cambodia,1,0,1,undefined
Denmark,1,0,0,undefined
Egypt,1,0,0,undefined
Estonia,1,0,0,undefined
Georgia,1,0,0,undefined
Nepal,1,0,1,undefined
Netherlands,1,0,0,undefined
Macedonia [FYROM],1,0,0,undefined
Norway,1,0,0,undefined
Romania,1,0,0,undefined
San Marino,1,0,0,undefined
Sri Lanka,1,0,1,undefined
China,78824,2788,36291,undefined
South Korea,2337,13,22,undefined
Italy,888,21,46,undefined
Japan,933,10,32,undefined
Iran,388,34,73,undefined
Hong Kong,94,2,30,undefined
Singapore,93,0,62,undefined
France,57,2,11,undefined
Germany,48,0,16,undefined
Kuwait,45,0,0,undefined
United States,44,0,0,undefined
Thailand,41,0,28,undefined
Bahrain,36,0,0,undefined
Taiwan,34,1,6,undefined
Spain,32,0,2,undefined
Malaysia,23,0,18,undefined
United Kingdom,21,0,8,undefined
United Arab Emirates,19,0,5,undefined
Vietnam,16,0,16,undefined
Macau,10,0,8,undefined
Australia,23,0,11,undefined
Switzerland,8,0,0,undefined
Canada,7,0,3,undefined
Iraq,7,0,0,undefined
Sweden,7,0,0,undefined
Norway,6,0,0,undefined
Croatia,5,0,0,undefined
Greece,4,0,0,undefined
Israel,4,0,1,undefined
Oman,4,0,0,undefined
Austria,3,0,0,undefined
India,3,0,3,undefined
Philippines,3,1,1,undefined
Romania,3,0,0,undefined
Finland,2,0,1,undefined
Lebanon,2,0,0,undefined
Pakistan,2,0,0,undefined
Russia,2,0,2,undefined
Azerbaijan,1,0,0,undefined
Afghanistan,1,0,0,undefined
Algeria,1,0,0,undefined
Belarus,1,0,0,undefined
Belgium,1,0,1,undefined
Brazil,1,0,0,undefined
Cambodia,1,0,1,undefined
Denmark,1,0,0,undefined
Egypt,1,0,1,undefined
Estonia,1,0,0,undefined
Georgia,1,0,0,undefined
Iceland,1,0,0,undefined
Lithuania,1,0,0,undefined
Mexico,1,0,0,undefined
Nepal,1,0,1,undefined
Netherlands,1,0,0,undefined
New Zealand,1,0,0,undefined
Nigeria,1,0,0,undefined
Macedonia [FYROM],1,0,0,undefined
San Marino,1,0,0,undefined
Sri Lanka,1,0,1,undefined
China,79251,2835,39279,undefined
South Korea,3150,16,27,undefined
Italy,1128,29,46,undefined
Japan,946,11,42,undefined
Iran,593,43,123,undefined
Singapore,102,0,72,undefined
France,100,2,12,undefined
Hong Kong,95,2,33,undefined
Germany,79,0,16,undefined
Kuwait,45,0,0,undefined
Spain,45,0,2,undefined
United States,44,0,0,undefined
Thailand,42,0,28,undefined
Bahrain,41,0,0,undefined
Taiwan,39,1,9,undefined
Malaysia,25,0,18,undefined
United Kingdom,23,0,8,undefined
United Arab Emirates,21,0,5,undefined
Switzerland,18,0,0,undefined
Vietnam,16,0,16,undefined
Norway,15,0,0,undefined
Iraq,13,0,0,undefined
Sweden,12,0,0,undefined
Macau,10,0,8,undefined
Australia,25,0,11,undefined
Austria,9,0,0,undefined
Canada,8,0,3,undefined
Israel,7,0,1,undefined
Croatia,6,0,0,undefined
Netherlands,6,0,0,undefined
Oman,6,0,1,undefined
Greece,4,0,0,undefined
Lebanon,4,0,0,undefined
Mexico,4,0,0,undefined
Pakistan,4,0,0,undefined
Denmark,3,0,0,undefined
Finland,3,0,1,undefined
India,3,0,3,undefined
Philippines,3,1,1,undefined
Romania,3,0,0,undefined
Brazil,2,0,0,undefined
Russia,2,0,2,undefined
Afghanistan,1,0,0,undefined
Algeria,1,0,0,undefined
Belarus,1,0,0,undefined
Belgium,1,0,1,undefined
Cambodia,1,0,1,undefined
Egypt,1,0,1,undefined
Estonia,1,0,0,undefined
Georgia,1,0,0,undefined
Iceland,1,0,0,undefined
Ireland,1,0,0,undefined
Lithuania,1,0,0,undefined
Luxembourg,1,0,0,undefined
Monaco,1,0,0,undefined
Nepal,1,0,1,undefined
New Zealand,1,0,0,undefined
Nigeria,1,0,0,undefined
Macedonia [FYROM],1,0,0,undefined
Qatar,1,0,0,undefined
San Marino,1,0,0,undefined
Sri Lanka,1,0,1,undefined
China,79826,2870,42118,undefined
South Korea,3736,17,30,undefined
Italy,1694,34,83,undefined
Iran,978,54,175,undefined
Japan,961,12,42,undefined
France,130,2,12,undefined
Germany,130,0,16,undefined
Singapore,106,0,72,undefined
Hong Kong,96,2,36,undefined
Spain,84,0,2,undefined
Bahrain,47,0,0,undefined
Kuwait,45,0,0,undefined
United States,44,0,0,undefined
Thailand,42,1,28,undefined
Taiwan,40,1,9,undefined
United Kingdom,36,0,8,undefined
Malaysia,29,0,18,undefined
Switzerland,27,0,0,undefined
United Arab Emirates,21,0,5,undefined
Iraq,19,0,0,undefined
Norway,19,0,0,undefined
Vietnam,16,0,16,undefined
Austria,14,0,0,undefined
Sweden,14,0,0,undefined
Israel,10,0,1,undefined
Lebanon,10,0,0,undefined
Macau,10,0,8,undefined
Netherlands,10,0,0,undefined
Australia,27,1,11,undefined
Canada,8,0,3,undefined
Croatia,7,0,0,undefined
Greece,7,0,0,undefined
Ecuador,6,0,0,undefined
Finland,6,0,1,undefined
Oman,6,0,1,undefined
Mexico,5,0,0,undefined
Denmark,4,0,0,undefined
Pakistan,4,0,0,undefined
Azerbaijan,3,0,0,undefined
Czech Republic,3,0,0,undefined
Georgia,3,0,0,undefined
Iceland,3,0,0,undefined
India,3,0,3,undefined
Philippines,3,1,1,undefined
Qatar,3,0,0,undefined
Romania,3,0,0,undefined
Belgium,2,0,1,undefined
Brazil,2,0,0,undefined
Egypt,2,0,1,undefined
Russia,2,0,2,undefined
Afghanistan,1,0,0,undefined
Algeria,1,0,0,undefined
Armenia,1,0,0,undefined
Belarus,1,0,0,undefined
Cambodia,1,0,1,undefined
Dominican Republic,1,0,0,undefined
Estonia,1,0,0,undefined
Ireland,1,0,0,undefined
Lithuania,1,0,0,undefined
Luxembourg,1,0,0,undefined
Monaco,1,0,0,undefined
Nepal,1,0,1,undefined
New Zealand,1,0,0,undefined
Nigeria,1,0,0,undefined
Macedonia [FYROM],1,0,0,undefined
San Marino,1,0,0,undefined
Sri Lanka,1,0,1,undefined
China,80026,2912,44810,undefined
South Korea,4335,28,30,undefined
Italy,2036,52,149,undefined
Iran,1501,66,291,undefined
Japan,979,12,42,undefined
France,191,3,12,undefined
Germany,159,0,16,undefined
Spain,120,0,2,undefined
Singapore,108,0,78,undefined
Hong Kong,100,2,36,undefined
Kuwait,56,0,0,undefined
Bahrain,49,0,0,undefined
United States,45,0,0,undefined
Thailand,43,1,31,undefined
Switzerland,42,0,0,undefined
Taiwan,41,1,12,undefined
United Kingdom,40,0,8,undefined
Malaysia,29,0,18,undefined
Iraq,26,0,0,undefined
Norway,25,0,0,undefined
United Arab Emirates,21,0,5,undefined
Austria,18,0,0,undefined
Netherlands,18,0,0,undefined
Vietnam,16,0,16,undefined
Sweden,15,0,0,undefined
Lebanon,13,0,0,undefined
Israel,10,0,1,undefined
Macau,10,0,8,undefined
Australia,30,1,11,undefined
Belgium,8,0,1,undefined
Canada,8,0,3,undefined
San Marino,8,0,0,undefined
Croatia,7,0,0,undefined
Greece,7,0,0,undefined
Ecuador,6,0,0,undefined
Finland,6,0,1,undefined
Iceland,6,0,0,undefined
Oman,6,0,1,undefined
India,5,0,3,undefined
Mexico,5,0,0,undefined
Denmark,4,0,0,undefined
Pakistan,4,0,0,undefined
Algeria,3,0,0,undefined
Azerbaijan,3,0,0,undefined
Czech Republic,3,0,0,undefined
Georgia,3,0,0,undefined
Philippines,3,1,1,undefined
Qatar,3,0,0,undefined
Romania,3,0,0,undefined
Russia,3,0,2,undefined
Brazil,2,0,0,undefined
Egypt,2,0,1,undefined
Indonesia,2,0,0,undefined
Portugal,2,0,0,undefined
Afghanistan,1,0,0,undefined
Andorra,1,0,0,undefined
Armenia,1,0,0,undefined
Belarus,1,0,0,undefined
Cambodia,1,0,1,undefined
Dominican Republic,1,0,0,undefined
Estonia,1,0,0,undefined
Ireland,1,0,0,undefined
Latvia,1,0,0,undefined
Lithuania,1,0,0,undefined
Luxembourg,1,0,0,undefined
Monaco,1,0,0,undefined
Morocco,1,0,0,undefined
Nepal,1,0,1,undefined
New Zealand,1,0,0,undefined
Nigeria,1,0,0,undefined
Macedonia [FYROM],1,0,0,undefined
Saudi Arabia,1,0,0,undefined
Senegal,1,0,0,undefined
Sri Lanka,1,0,1,undefined
China,80151,2945,47404,undefined
South Korea,5186,28,30,undefined
Italy,2502,79,160,undefined
Iran,2336,77,291,undefined
Japan,999,12,53,undefined
France,204,4,12,undefined
Germany,196,0,16,undefined
Spain,165,1,2,undefined
Singapore,110,0,78,undefined
Hong Kong,100,2,37,undefined
Kuwait,56,0,0,undefined
Switzerland,56,0,2,undefined
United Kingdom,51,0,8,undefined
Bahrain,49,0,0,undefined
United States,45,0,0,undefined
Thailand,43,1,31,undefined
Taiwan,42,1,12,undefined
Malaysia,36,0,22,undefined
Iraq,32,0,0,undefined
Norway,32,0,0,undefined
United Arab Emirates,27,0,5,undefined
Netherlands,24,0,0,undefined
Austria,21,0,0,undefined
Sweden,21,0,0,undefined
Vietnam,16,0,16,undefined
Australia,39,1,11,undefined
Belgium,13,0,1,undefined
Lebanon,13,0,0,undefined
Israel,12,0,1,undefined
Oman,12,0,2,undefined
Iceland,11,0,0,undefined
Macau,10,0,9,undefined
San Marino,10,1,0,undefined
Canada,9,0,3,undefined
Croatia,9,0,0,undefined
Ecuador,7,0,0,undefined
Greece,7,0,0,undefined
Qatar,7,0,0,undefined
Denmark,6,0,0,undefined
Finland,6,0,1,undefined
Algeria,5,0,0,undefined
Czech Republic,5,0,0,undefined
India,5,0,3,undefined
Mexico,5,0,1,undefined
Pakistan,5,0,0,undefined
Azerbaijan,3,0,0,undefined
Georgia,3,0,0,undefined
Philippines,3,1,1,undefined
Romania,3,0,0,undefined
Russia,3,0,2,undefined
Brazil,2,0,0,undefined
Egypt,2,0,1,undefined
Estonia,2,0,0,undefined
Indonesia,2,0,0,undefined
Ireland,2,0,0,undefined
Portugal,2,0,0,undefined
Senegal,2,0,0,undefined
Afghanistan,1,0,0,undefined
Andorra,1,0,0,undefined
Argentina,1,0,0,undefined
Armenia,1,0,0,undefined
Belarus,1,0,0,undefined
Cambodia,1,0,1,undefined
Chile,1,0,0,undefined
Dominican Republic,1,0,0,undefined
Jordan,1,0,0,undefined
Latvia,1,0,0,undefined
Lithuania,1,0,0,undefined
Luxembourg,1,0,0,undefined
Monaco,1,0,0,undefined
Morocco,1,0,0,undefined
Nepal,1,0,1,undefined
New Zealand,1,0,0,undefined
Nigeria,1,0,0,undefined
Macedonia [FYROM],1,0,0,undefined
Saudi Arabia,1,0,0,undefined
Sri Lanka,1,0,1,undefined
Ukraine,1,0,0,undefined
China,80271,2981,49955,undefined
South Korea,5621,35,41,undefined
Italy,3089,107,276,undefined
Iran,2922,92,552,undefined
Japan,1037,12,53,undefined
France,288,4,12,undefined
Germany,262,0,16,undefined
Spain,222,2,2,undefined
Singapore,110,0,78,undefined
Hong Kong,105,2,37,undefined
Switzerland,90,0,3,undefined
United Kingdom,85,0,8,undefined
Kuwait,56,0,0,undefined
Norway,56,0,0,undefined
Bahrain,52,0,0,undefined
Malaysia,50,0,22,undefined
United States,45,0,0,undefined
Thailand,43,1,31,undefined
Taiwan,42,1,12,undefined
Netherlands,38,0,0,undefined
Iraq,35,2,0,undefined
Sweden,35,0,0,undefined
Austria,29,0,0,undefined
India,28,0,3,undefined
United Arab Emirates,27,0,5,undefined
Iceland,26,0,0,undefined
Belgium,23,0,1,undefined
Australia,52,2,11,undefined
San Marino,16,1,0,undefined
Vietnam,16,0,16,undefined
Israel,15,0,1,undefined
Oman,15,0,2,undefined
Lebanon,13,0,1,undefined
Algeria,12,0,0,undefined
Canada,12,0,3,undefined
Croatia,10,0,0,undefined
Denmark,10,0,0,undefined
Ecuador,10,0,0,undefined
Macau,10,0,9,undefined
Greece,9,0,0,undefined
Czech Republic,8,0,0,undefined
Qatar,8,0,0,undefined
Belarus,6,0,0,undefined
Finland,6,0,1,undefined
Ireland,6,0,0,undefined
Mexico,5,0,1,undefined
Pakistan,5,0,0,undefined
Portugal,5,0,0,undefined
Brazil,4,0,0,undefined
Romania,4,0,1,undefined
Senegal,4,0,0,undefined
Azerbaijan,3,0,0,undefined
Georgia,3,0,0,undefined
New Zealand,3,0,0,undefined
Philippines,3,1,1,undefined
Russia,3,0,2,undefined
Egypt,2,0,1,undefined
Estonia,2,0,0,undefined
Hungary,2,0,0,undefined
Indonesia,2,0,0,undefined
Afghanistan,1,0,0,undefined
Andorra,1,0,0,undefined
Argentina,1,0,0,undefined
Armenia,1,0,0,undefined
Cambodia,1,0,1,undefined
Chile,1,0,0,undefined
Dominican Republic,1,0,0,undefined
Faroe Islands,1,0,0,undefined
Gibraltar,1,0,0,undefined
Jordan,1,0,0,undefined
Latvia,1,0,0,undefined
Liechtenstein,1,0,0,undefined
Lithuania,1,0,0,undefined
Luxembourg,1,0,0,undefined
Monaco,1,0,0,undefined
Morocco,1,0,0,undefined
Nepal,1,0,1,undefined
Nigeria,1,0,0,undefined
Macedonia [FYROM],1,0,0,undefined
Poland,1,0,0,undefined
Saudi Arabia,1,0,0,undefined
Sri Lanka,1,0,1,undefined
Tunisia,1,0,0,undefined
Ukraine,1,0,0,undefined
China,80422,3013,52240,undefined
South Korea,6088,35,41,undefined
Italy,3858,148,414,undefined
Iran,3513,107,739,undefined
Japan,1066,12,53,undefined
Germany,482,0,16,undefined
France,380,6,12,undefined
Spain,259,3,2,undefined
Singapore,117,0,78,undefined
United Kingdom,115,1,8,undefined
Switzerland,114,1,3,undefined
Hong Kong,105,2,43,undefined
Sweden,94,0,0,undefined
Norway,87,0,0,undefined
Netherlands,82,0,0,undefined
Kuwait,58,0,0,undefined
Bahrain,55,0,0,undefined
Belgium,50,0,1,undefined
Malaysia,50,0,22,undefined
Thailand,47,1,31,undefined
United States,45,0,0,undefined
Taiwan,44,1,12,undefined
Austria,41,0,0,undefined
Iraq,35,2,0,undefined
Iceland,34,0,0,undefined
Greece,31,0,0,undefined
India,30,0,3,undefined
United Arab Emirates,29,0,5,undefined
Australia,55,2,21,undefined
San Marino,21,1,0,undefined
Israel,16,0,1,undefined
Lebanon,16,0,1,undefined
Oman,16,0,2,undefined
Vietnam,16,0,16,undefined
Canada,13,0,3,undefined
Ecuador,13,0,0,undefined
Algeria,12,0,0,undefined
Czech Republic,12,0,0,undefined
Finland,12,0,1,undefined
Croatia,10,0,0,undefined
Denmark,10,0,0,undefined
Macau,10,0,9,undefined
Portugal,8,0,0,undefined
Qatar,8,0,0,undefined
Azerbaijan,6,0,0,undefined
Belarus,6,0,0,undefined
Ireland,6,0,0,undefined
Romania,6,0,1,undefined
Mexico,5,0,1,undefined
Pakistan,5,0,0,undefined
Saudi Arabia,5,0,0,undefined
Brazil,4,0,0,undefined
Chile,4,0,0,undefined
Georgia,4,0,0,undefined
Palestinian Territories,4,0,0,undefined
Russia,4,0,2,undefined
Senegal,4,0,0,undefined
Egypt,3,0,1,undefined
Estonia,3,0,0,undefined
New Zealand,3,0,0,undefined
Philippines,3,1,1,undefined
Bosnia and Herzegovina,2,0,0,undefined
Hungary,2,0,0,undefined
Indonesia,2,0,0,undefined
Morocco,2,0,0,undefined
Slovenia,2,0,0,undefined
Afghanistan,1,0,0,undefined
Andorra,1,0,0,undefined
Argentina,1,0,0,undefined
Armenia,1,0,0,undefined
Cambodia,1,0,1,undefined
Dominican Republic,1,0,0,undefined
Faroe Islands,1,0,0,undefined
Gibraltar,1,0,0,undefined
Jordan,1,0,0,undefined
Latvia,1,0,0,undefined
Liechtenstein,1,0,0,undefined
Lithuania,1,0,0,undefined
Luxembourg,1,0,0,undefined
Monaco,1,0,0,undefined
Nepal,1,0,1,undefined
Nigeria,1,0,0,undefined
Macedonia [FYROM],1,0,0,undefined
Poland,1,0,0,undefined
South Africa,1,0,0,undefined
Sri Lanka,1,0,1,undefined
Tunisia,1,0,0,undefined
Ukraine,1,0,0,undefined
China,80573,3042,53888,undefined
South Korea,6593,42,135,undefined
Iran,4747,124,913,undefined
Italy,4636,197,523,undefined
Japan,1116,12,86,undefined
Germany,670,0,17,undefined
France,656,9,12,undefined
Spain,400,5,2,undefined
Switzerland,214,1,3,undefined
United Kingdom,163,2,8,undefined
Singapore,130,0,78,undefined
Netherlands,128,1,0,undefined
Belgium,109,0,1,undefined
Norway,108,0,0,undefined
Hong Kong,107,2,46,undefined
Sweden,101,0,0,undefined
Malaysia,83,0,22,undefined
Bahrain,60,0,4,undefined
Kuwait,58,0,0,undefined
Austria,55,0,0,undefined
Thailand,48,1,31,undefined
Greece,45,0,0,undefined
Taiwan,45,1,12,undefined
United States,45,0,0,undefined
Iceland,43,0,0,undefined
Iraq,40,3,0,undefined
India,31,0,3,undefined
United Arab Emirates,29,0,5,undefined
Australia,60,2,21,undefined
Denmark,23,0,1,undefined
Lebanon,22,0,1,undefined
Canada,21,0,3,undefined
Israel,21,0,2,undefined
San Marino,21,1,0,undefined
Czech Republic,18,0,0,undefined
Ireland,18,0,0,undefined
Algeria,17,0,0,undefined
Oman,16,0,2,undefined
Palestinian Territories,16,0,0,undefined
Vietnam,16,0,16,undefined
Egypt,15,0,1,undefined
Finland,15,0,1,undefined
Brazil,13,0,0,undefined
Ecuador,13,0,0,undefined
Portugal,13,0,0,undefined
Russia,13,0,2,undefined
Croatia,11,0,0,undefined
Estonia,10,0,0,undefined
Macau,10,0,10,undefined
Romania,9,0,1,undefined
Qatar,8,0,0,undefined
Slovenia,7,0,0,undefined
Azerbaijan,6,0,0,undefined
Belarus,6,0,0,undefined
Mexico,6,0,1,undefined
Pakistan,6,0,0,undefined
Philippines,5,1,1,undefined
Poland,5,0,0,undefined
Saudi Arabia,5,0,0,undefined
Chile,4,0,0,undefined
Georgia,4,0,0,undefined
Indonesia,4,0,0,undefined
New Zealand,4,0,0,undefined
Senegal,4,0,0,undefined
Macedonia [FYROM],3,0,0,undefined
Argentina,2,0,0,undefined
Bosnia and Herzegovina,2,0,0,undefined
Dominican Republic,2,0,0,undefined
Hungary,2,0,0,undefined
Luxembourg,2,0,0,undefined
Morocco,2,0,0,undefined
Afghanistan,1,0,0,undefined
Andorra,1,0,0,undefined
Armenia,1,0,0,undefined
Bhutan,1,0,0,undefined
Cambodia,1,0,1,undefined
Cameroon,1,0,0,undefined
Colombia,1,0,0,undefined
Costa Rica,1,0,0,undefined
Faroe Islands,1,0,0,undefined
Gibraltar,1,0,0,undefined
Jordan,1,0,0,undefined
Latvia,1,0,0,undefined
Liechtenstein,1,0,0,undefined
Lithuania,1,0,0,undefined
Monaco,1,0,0,undefined
Nepal,1,0,1,undefined
Nigeria,1,0,0,undefined
Peru,1,0,0,undefined
Serbia,1,0,0,undefined
Slovakia,1,0,0,undefined
South Africa,1,0,0,undefined
Sri Lanka,1,0,1,undefined
Togo,1,0,0,undefined
Tunisia,1,0,0,undefined
Ukraine,1,0,0,undefined
Vatican City,1,0,0,undefined
China,80652,3070,55478,undefined
South Korea,7041,44,135,undefined
Italy,5883,233,589,undefined
Iran,5823,145,1669,undefined
France,952,11,12,undefined
Germany,799,0,18,undefined
Japan,1157,12,116,undefined
Spain,500,10,30,undefined
Switzerland,268,1,3,undefined
United Kingdom,206,2,18,undefined
Netherlands,188,1,0,undefined
Belgium,169,0,1,undefined
Sweden,161,0,0,undefined
Norway,147,0,0,undefined
Singapore,138,0,78,undefined
Hong Kong,108,2,51,undefined
Malaysia,93,0,23,undefined
Bahrain,85,0,4,undefined
Austria,79,0,0,undefined
Kuwait,61,0,0,undefined
Iraq,54,4,0,undefined
Iceland,50,0,0,undefined
Thailand,50,1,31,undefined
Greece,46,0,0,undefined
Taiwan,45,1,12,undefined
United States,66,0,0,undefined
United Arab Emirates,45,0,7,undefined
India,34,0,3,undefined
Australia,63,2,21,undefined
Denmark,23,0,1,undefined
San Marino,23,1,0,undefined
Lebanon,22,0,1,undefined
Palestinian Territories,22,0,0,undefined
Canada,21,0,4,undefined
Israel,21,0,2,undefined
Portugal,20,0,0,undefined
Czech Republic,19,0,0,undefined
Ireland,18,0,0,undefined
Vietnam,18,0,16,undefined
Algeria,17,0,0,undefined
Oman,16,0,2,undefined
Egypt,15,0,1,undefined
Finland,15,0,1,undefined
Brazil,13,0,0,undefined
Ecuador,13,0,0,undefined
Russia,13,0,2,undefined
Croatia,12,0,0,undefined
Estonia,10,0,0,undefined
Macau,10,0,10,undefined
Azerbaijan,9,0,0,undefined
Romania,9,0,3,undefined
Argentina,8,0,0,undefined
Qatar,8,0,0,undefined
Slovenia,7,0,0,undefined
Belarus,6,0,0,undefined
Mexico,6,0,1,undefined
Pakistan,6,0,0,undefined
Philippines,6,1,1,undefined
French Guiana,5,0,0,undefined
New Zealand,5,0,0,undefined
Poland,5,0,0,undefined
Saudi Arabia,5,0,0,undefined
Chile,4,0,0,undefined
Georgia,4,0,0,undefined
Hungary,4,0,0,undefined
Indonesia,4,0,0,undefined
Senegal,4,0,0,undefined
Bosnia and Herzegovina,3,0,0,undefined
Malta,3,0,0,undefined
Macedonia [FYROM],3,0,0,undefined
Dominican Republic,2,0,0,undefined
Luxembourg,2,0,0,undefined
Martinique,2,0,0,undefined
Morocco,2,0,0,undefined
Afghanistan,1,0,0,undefined
Andorra,1,0,0,undefined
Armenia,1,0,0,undefined
Bhutan,1,0,0,undefined
Cambodia,1,0,1,undefined
Cameroon,1,0,0,undefined
Colombia,1,0,0,undefined
Costa Rica,1,0,0,undefined
Faroe Islands,1,0,0,undefined
Gibraltar,1,0,0,undefined
Jordan,1,0,0,undefined
Latvia,1,0,0,undefined
Liechtenstein,1,0,0,undefined
Lithuania,1,0,0,undefined
Monaco,1,0,0,undefined
Nepal,1,0,1,undefined
Nigeria,1,0,0,undefined
Peru,1,0,0,undefined
Serbia,1,0,0,undefined
Slovakia,1,0,0,undefined
South Africa,1,0,0,undefined
Sri Lanka,1,0,1,undefined
Togo,1,0,0,undefined
Tunisia,1,0,0,undefined
Ukraine,1,0,0,undefined
Vatican City,1,0,0,undefined
China,80699,3097,57320,undefined
Italy,7375,366,622,undefined
South Korea,7314,50,118,undefined
Iran,6566,194,2134,undefined
France,1129,19,12,undefined
Germany,1040,0,18,undefined
Japan,1198,12,116,undefined
Spain,673,17,30,undefined
Switzerland,337,2,3,undefined
United Kingdom,273,3,18,undefined
Netherlands,265,3,0,undefined
Sweden,203,0,0,undefined
Belgium,200,0,1,undefined
Norway,176,0,0,undefined
Singapore,150,0,78,undefined
Hong Kong,114,3,58,undefined
Austria,104,0,0,undefined
Malaysia,99,0,24,undefined
Bahrain,85,0,4,undefined
Greece,73,0,0,undefined
Kuwait,64,0,1,undefined
Iraq,60,6,0,undefined
Iceland,50,0,0,undefined
Thailand,50,1,31,undefined
Egypt,49,1,1,undefined
Taiwan,45,1,13,undefined
United States,66,0,0,undefined
United Arab Emirates,45,0,7,undefined
India,39,0,3,undefined
Israel,39,0,2,undefined
Australia,76,4,21,undefined
San Marino,36,1,0,undefined
Denmark,35,0,1,undefined
Lebanon,32,0,1,undefined
Czech Republic,31,0,0,undefined
Portugal,30,0,0,undefined
Vietnam,30,0,16,undefined
Canada,27,0,4,undefined
Finland,23,0,1,undefined
Palestinian Territories,22,0,0,undefined
Ireland,40,0,0,undefined
Brazil,20,0,0,undefined
Algeria,19,0,0,undefined
Russia,17,0,3,undefined
Oman,16,0,2,undefined
Slovenia,16,0,0,undefined
Qatar,15,0,0,undefined
Romania,15,0,3,undefined
Ecuador,14,0,0,undefined
Georgia,13,0,0,undefined
Argentina,12,1,0,undefined
Croatia,12,0,0,undefined
Poland,11,0,0,undefined
Saudi Arabia,11,0,0,undefined
Estonia,10,0,0,undefined
Macau,10,0,10,undefined
Philippines,10,1,1,undefined
Azerbaijan,9,0,0,undefined
Chile,8,0,0,undefined
Hungary,7,0,0,undefined
Mexico,7,0,1,undefined
Belarus,6,0,0,undefined
Indonesia,6,0,0,undefined
Pakistan,6,0,1,undefined
Peru,6,0,0,undefined
Costa Rica,5,0,0,undefined
Dominican Republic,5,0,0,undefined
French Guiana,5,0,0,undefined
New Zealand,5,0,0,undefined
Afghanistan,4,0,0,undefined
Bulgaria,4,0,0,undefined
Maldives,4,0,0,undefined
Senegal,4,0,1,undefined
Bangladesh,3,0,0,undefined
Bosnia and Herzegovina,3,0,0,undefined
Luxembourg,3,0,0,undefined
Malta,3,0,0,undefined
Macedonia [FYROM],3,0,0,undefined
Slovakia,3,0,0,undefined
South Africa,3,0,0,undefined
Cambodia,2,0,1,undefined
Cameroon,2,0,0,undefined
Faroe Islands,2,0,0,undefined
Latvia,2,0,0,undefined
Martinique,2,0,0,undefined
Morocco,2,0,0,undefined
Tunisia,2,0,0,undefined
Andorra,1,0,0,undefined
Armenia,1,0,0,undefined
Bhutan,1,0,0,undefined
Colombia,1,0,0,undefined
Gibraltar,1,0,0,undefined
Jordan,1,0,0,undefined
Liechtenstein,1,0,0,undefined
Lithuania,1,0,0,undefined
Moldova,1,0,0,undefined
Monaco,1,0,0,undefined
Nepal,1,0,1,undefined
Nigeria,1,0,0,undefined
Paraguay,1,0,0,undefined
Serbia,1,0,0,undefined
Sri Lanka,1,0,1,undefined
Togo,1,0,0,undefined
Ukraine,1,0,0,undefined
Vatican City,1,0,0,undefined
China,80735,3120,58735,undefined
Italy,9172,463,724,undefined
South Korea,7478,53,118,undefined
Iran,7161,237,2394,undefined
France,1212,19,12,undefined
Germany,1176,2,18,undefined
Spain,1073,28,32,undefined
Japan,1207,23,116,undefined
Switzerland,374,2,3,undefined
Netherlands,321,3,0,undefined
United Kingdom,321,4,18,undefined
Sweden,248,0,1,undefined
Belgium,239,0,1,undefined
Norway,205,0,1,undefined
Singapore,150,0,78,undefined
Austria,131,0,2,undefined
Malaysia,117,0,24,undefined
Hong Kong,115,3,59,undefined
Bahrain,95,0,14,undefined
Denmark,90,0,1,undefined
Greece,73,0,0,undefined
Kuwait,64,0,1,undefined
Iraq,60,6,9,undefined
Iceland,58,0,0,undefined
Egypt,55,1,12,undefined
Thailand,50,1,31,undefined
Australia,91,4,21,undefined
Taiwan,45,1,15,undefined
United States,66,0,0,undefined
United Arab Emirates,45,0,7,undefined
India,43,0,3,undefined
Israel,39,0,2,undefined
San Marino,36,1,0,undefined
Canada,76,1,8,undefined
Lebanon,32,0,1,undefined
Czech Republic,31,0,0,undefined
Finland,30,0,1,undefined
Portugal,30,0,0,undefined
Vietnam,30,0,16,undefined
Brazil,25,0,0,undefined
Palestinian Territories,22,0,0,undefined
Ireland,21,0,0,undefined
Algeria,20,0,0,undefined
Philippines,20,1,1,undefined
Indonesia,19,0,0,undefined
Qatar,18,0,0,undefined
Russia,17,0,3,undefined
Oman,16,0,2,undefined
Poland,16,0,0,undefined
Slovenia,16,0,0,undefined
Ecuador,15,0,0,undefined
Georgia,15,0,0,undefined
Romania,15,0,3,undefined
Saudi Arabia,15,0,0,undefined
Argentina,12,1,0,undefined
Croatia,12,0,0,undefined
Estonia,10,0,0,undefined
Macau,10,0,10,undefined
Azerbaijan,9,0,0,undefined
Costa Rica,9,0,0,undefined
Hungary,9,0,0,undefined
Chile,8,0,0,undefined
Mexico,7,0,1,undefined
Peru,7,0,0,undefined
Belarus,6,0,1,undefined
Latvia,6,0,0,undefined
Pakistan,6,0,1,undefined
Dominican Republic,5,0,0,undefined
French Guiana,5,0,0,undefined
New Zealand,5,0,0,undefined
Afghanistan,4,0,0,undefined
Bulgaria,4,0,0,undefined
Maldives,4,0,0,undefined
Senegal,4,0,1,undefined
Bangladesh,3,0,0,undefined
Bosnia and Herzegovina,3,0,0,undefined
Luxembourg,3,0,0,undefined
Malta,3,0,0,undefined
Macedonia [FYROM],3,0,0,undefined
Slovakia,3,0,0,undefined
South Africa,3,0,0,undefined
Albania,2,0,0,undefined
Cambodia,2,0,1,undefined
Cameroon,2,0,0,undefined
Cyprus,2,0,0,undefined
Faroe Islands,2,0,0,undefined
Martinique,2,0,0,undefined
Morocco,2,0,0,undefined
Nigeria,2,0,0,undefined
Tunisia,2,0,0,undefined
Andorra,1,0,0,undefined
Armenia,1,0,0,undefined
Bhutan,1,0,0,undefined
Brunei,1,0,0,undefined
Colombia,1,0,0,undefined
Gibraltar,1,0,0,undefined
Jordan,1,0,0,undefined
Liechtenstein,1,0,0,undefined
Lithuania,1,0,0,undefined
Moldova,1,0,0,undefined
Monaco,1,0,0,undefined
Nepal,1,0,1,undefined
Paraguay,1,0,0,undefined
Serbia,1,0,0,undefined
Sri Lanka,1,0,1,undefined
Togo,1,0,0,undefined
Ukraine,1,0,0,undefined
Vatican City,1,0,0,undefined
China,80757,3136,60106,undefined
Italy,10149,631,724,undefined
Iran,8042,291,2731,undefined
South Korea,7513,54,247,undefined
France,1787,33,12,undefined
Spain,1695,35,32,undefined
Germany,1457,2,18,undefined
Japan,1277,16,141,undefined
Switzerland,491,3,3,undefined
Norway,400,0,1,undefined
Netherlands,382,4,0,undefined
United Kingdom,383,6,18,undefined
Sweden,355,0,1,undefined
Belgium,267,0,1,undefined
United States,959,28,8,undefined
Denmark,262,0,1,undefined
Austria,182,0,4,undefined
Singapore,160,0,78,undefined
Malaysia,129,0,24,undefined
Hong Kong,120,3,65,undefined
Bahrain,110,0,22,undefined
Greece,89,0,0,undefined
United Arab Emirates,74,0,12,undefined
Iraq,71,7,3,undefined
Iceland,69,0,1,undefined
Kuwait,69,0,1,undefined
Egypt,59,1,1,undefined
Israel,58,0,4,undefined
India,56,0,4,undefined
Australia,107,3,21,undefined
Thailand,53,1,33,undefined
San Marino,51,2,0,undefined
Taiwan,47,1,17,undefined
Czech Republic,41,0,0,undefined
Lebanon,41,1,1,undefined
Portugal,41,0,0,undefined
Finland,40,0,1,undefined
Canada,79,1,8,undefined
Ireland,34,0,0,undefined
Philippines,33,1,2,undefined
Brazil,31,0,0,undefined
Slovenia,31,0,0,undefined
Vietnam,31,0,16,undefined
Indonesia,27,0,2,undefined
Romania,25,0,3,undefined
Palestinian Territories,25,0,0,undefined
Qatar,24,0,0,undefined
Poland,22,0,0,undefined
Algeria,20,0,0,undefined
Saudi Arabia,20,0,1,undefined
Oman,18,0,9,undefined
Argentina,17,1,0,undefined
Pakistan,16,0,1,undefined
Ecuador,15,0,0,undefined
Georgia,15,0,0,undefined
Croatia,14,0,0,undefined
Chile,13,0,0,undefined
Estonia,12,0,0,undefined
Azerbaijan,11,0,0,undefined
Peru,11,0,0,undefined
Albania,10,0,0,undefined
Macau,10,0,10,undefined
Russia,10,0,3,undefined
Belarus,9,0,3,undefined
Costa Rica,9,0,0,undefined
Hungary,9,0,0,undefined
Latvia,8,0,1,undefined
Mexico,7,0,4,undefined
Macedonia [FYROM],7,0,0,undefined
Slovakia,7,0,0,undefined
South Africa,7,0,0,undefined
Maldives,6,0,0,undefined
Afghanistan,5,0,0,undefined
Bosnia and Herzegovina,5,0,0,undefined
Dominican Republic,5,0,0,undefined
French Guiana,5,0,0,undefined
Luxembourg,5,0,0,undefined
Malta,5,0,0,undefined
New Zealand,5,0,0,undefined
Serbia,5,0,0,undefined
Tunisia,5,0,0,undefined
Bulgaria,4,0,0,undefined
Senegal,4,0,1,undefined
Bangladesh,3,0,0,undefined
Colombia,3,0,0,undefined
Cyprus,3,0,0,undefined
Morocco,3,1,0,undefined
Moldova,3,0,0,undefined
Cambodia,2,0,1,undefined
Cameroon,2,0,0,undefined
Faroe Islands,2,0,0,undefined
Martinique,2,0,0,undefined
Nigeria,2,0,0,undefined
Andorra,1,0,0,undefined
Armenia,1,0,0,undefined
Bhutan,1,0,0,undefined
Brunei,1,0,0,undefined
Burkina Faso,1,0,0,undefined
Gibraltar,1,0,1,undefined
Vatican City,1,0,0,undefined
Jordan,1,0,0,undefined
Liechtenstein,1,0,0,undefined
Lithuania,1,0,0,undefined
Monaco,1,0,0,undefined
Mongolia,1,0,0,undefined
Nepal,1,0,1,undefined
Panama,1,0,0,undefined
Paraguay,1,0,0,undefined
Sri Lanka,1,0,1,undefined
Togo,1,0,0,undefined
Ukraine,1,0,0,undefined
China,80921,3161,61644,undefined
Italy,12462,827,1045,undefined
Iran,9000,354,2959,undefined
South Korea,7755,60,288,undefined
France,2285,48,12,undefined
Spain,2277,54,183,undefined
Germany,1908,3,25,undefined
Japan,1335,22,443,undefined
Switzerland,652,4,4,undefined
Norway,598,0,1,undefined
Netherlands,503,5,0,undefined
Sweden,500,1,1,undefined
United Kingdom,459,8,19,undefined
Denmark,444,0,1,undefined
United States,1281,36,8,undefined
Belgium,314,3,1,undefined
Qatar,262,0,0,undefined
Austria,246,0,4,undefined
Bahrain,195,0,35,undefined
Singapore,178,0,96,undefined
Malaysia,149,0,26,undefined
Israel,109,0,4,undefined
Greece,99,1,0,undefined
Czech Republic,91,0,0,undefined
Iceland,85,0,1,undefined
United Arab Emirates,74,0,17,undefined
Kuwait,72,0,2,undefined
Iraq,71,7,15,undefined
Australia,128,3,21,undefined
India,62,1,4,undefined
San Marino,62,2,0,undefined
Lebanon,61,3,1,undefined
Egypt,60,1,27,undefined
Finland,59,0,1,undefined
Portugal,59,0,0,undefined
Thailand,59,1,34,undefined
Slovenia,57,0,0,undefined
Philippines,49,1,2,undefined
Taiwan,48,1,17,undefined
Romania,45,0,6,undefined
Ireland,43,1,0,undefined
Canada,108,1,8,undefined
Brazil,38,0,0,undefined
Vietnam,38,0,16,undefined
Indonesia,34,1,2,undefined
Poland,31,0,0,undefined
Georgia,24,0,0,undefined
Chile,23,0,0,undefined
Saudi Arabia,21,0,1,undefined
Algeria,20,0,0,undefined
Russia,20,0,3,undefined
Argentina,19,1,0,undefined
Croatia,19,0,0,undefined
Pakistan,19,0,2,undefined
Oman,18,0,9,undefined
Ecuador,17,0,0,undefined
Estonia,16,0,0,undefined
Costa Rica,13,0,0,undefined
Hungary,13,0,0,undefined
South Africa,13,0,0,undefined
Albania,12,1,0,undefined
Serbia,12,0,0,undefined
Azerbaijan,11,0,3,undefined
Brunei,11,0,0,undefined
Peru,11,0,0,undefined
Latvia,10,0,1,undefined
Slovakia,10,0,0,undefined
Belarus,9,0,3,undefined
Colombia,9,0,0,undefined
Maldives,8,0,0,undefined
Mexico,8,0,4,undefined
Panama,8,1,0,undefined
Afghanistan,7,0,0,undefined
Bosnia and Herzegovina,7,0,0,undefined
Bulgaria,7,1,0,undefined
Luxembourg,7,0,0,undefined
Macedonia [FYROM],7,0,0,undefined
Tunisia,7,0,0,undefined
Cyprus,6,0,0,undefined
Malta,6,0,0,undefined
Dominican Republic,5,0,0,undefined
French Guiana,5,0,0,undefined
Morocco,5,1,0,undefined
New Zealand,5,0,0,undefined
Paraguay,5,0,0,undefined
Senegal,4,0,1,undefined
Bangladesh,3,0,0,undefined
Cambodia,3,0,1,undefined
Lithuania,3,0,0,undefined
Martinique,3,0,0,undefined
Moldova,3,0,0,undefined
Bolivia,2,0,0,undefined
Burkina Faso,2,0,0,undefined
Cameroon,2,0,0,undefined
Honduras,2,0,0,undefined
Nigeria,2,0,0,undefined
Sri Lanka,2,0,1,undefined
Andorra,1,0,0,undefined
Armenia,1,0,0,undefined
Bhutan,1,0,0,undefined
Congo [DRC],1,0,0,undefined
CÃ´te dIvoire,1,0,0,undefined
Vatican City,1,0,0,undefined
Jamaica,1,0,0,undefined
Jordan,1,0,0,undefined
Liechtenstein,1,0,0,undefined
Monaco,1,0,0,undefined
Mongolia,1,0,0,undefined
Nepal,1,0,1,undefined
Togo,1,0,0,undefined
Turkey,1,0,0,undefined
Ukraine,1,0,0,undefined
China,80932,3172,62901,undefined
Italy,12462,827,1045,undefined
Iran,10075,429,2959,undefined
South Korea,7869,66,333,undefined
France,2285,48,12,undefined
Spain,2277,55,183,undefined
Germany,2078,3,25,undefined
Norway,702,0,1,undefined
Japan,1335,23,443,undefined
Switzerland,652,4,4,undefined
Denmark,617,0,1,undefined
Sweden,599,1,1,undefined
Netherlands,503,5,0,undefined
United Kingdom,459,8,19,undefined
United States,1663,40,12,undefined
Belgium,314,3,1,undefined
Austria,302,1,4,undefined
Qatar,262,0,0,undefined
Bahrain,195,0,35,undefined
Singapore,178,0,96,undefined
Malaysia,149,0,26,undefined
Israel,131,0,4,undefined
Iceland,103,0,1,undefined
Greece,99,1,0,undefined
Czech Republic,94,0,0,undefined
Slovenia,89,0,0,undefined
United Arab Emirates,85,0,17,undefined
Kuwait,80,0,5,undefined
India,73,1,4,undefined
Iraq,71,8,15,undefined
Thailand,70,1,34,undefined
San Marino,69,3,0,undefined
Egypt,67,1,27,undefined
Australia,128,3,21,undefined
Lebanon,61,3,1,undefined
Finland,59,0,1,undefined
Portugal,59,0,0,undefined
Brazil,52,0,0,undefined
Philippines,52,2,2,undefined
Poland,49,1,0,undefined
Romania,49,0,6,undefined
Taiwan,49,1,20,undefined
Canada,117,1,8,undefined
Saudi Arabia,45,0,1,undefined
Ireland,43,1,0,undefined
Vietnam,39,0,16,undefined
Indonesia,34,1,2,undefined
Russia,28,0,3,undefined
Algeria,24,1,8,undefined
Georgia,24,0,0,undefined
Albania,23,1,0,undefined
Chile,23,0,0,undefined
Costa Rica,22,0,0,undefined
Pakistan,20,0,2,undefined
Argentina,19,1,0,undefined
Croatia,19,0,0,undefined
Luxembourg,19,0,0,undefined
Serbia,19,0,0,undefined
Oman,18,0,9,undefined
Ecuador,17,0,0,undefined
South Africa,17,0,0,undefined
Estonia,16,0,0,undefined
Slovakia,16,0,0,undefined
Peru,15,0,0,undefined
Hungary,13,0,0,undefined
Belarus,12,0,3,undefined
Mexico,12,0,4,undefined
Azerbaijan,11,0,3,undefined
Bosnia and Herzegovina,11,0,0,undefined
Brunei,11,0,0,undefined
Panama,11,1,0,undefined
Latvia,10,0,1,undefined
Colombia,9,0,0,undefined
Maldives,8,0,0,undefined
Afghanistan,7,0,0,undefined
Bulgaria,7,1,0,undefined
Macedonia [FYROM],7,0,0,undefined
Tunisia,7,0,0,undefined
Cyprus,6,0,0,undefined
Malta,6,0,0,undefined
Morocco,6,1,0,undefined
Dominican Republic,5,0,0,undefined
French Guiana,5,0,0,undefined
New Zealand,5,0,0,undefined
Paraguay,5,0,0,undefined
Armenia,4,0,0,undefined
Senegal,4,0,1,undefined
Bangladesh,3,0,0,undefined
Cambodia,3,0,1,undefined
Cuba,3,0,0,undefined
Lithuania,3,0,0,undefined
Martinique,3,0,0,undefined
Moldova,3,0,0,undefined
Bolivia,2,0,0,undefined
Burkina Faso,2,0,0,undefined
Cameroon,2,0,0,undefined
Honduras,2,0,0,undefined
Jamaica,2,0,0,undefined
Monaco,2,0,0,undefined
Nigeria,2,0,0,undefined
Sri Lanka,2,0,1,undefined
Andorra,1,0,1,undefined
Bhutan,1,0,0,undefined
Congo [DRC],1,0,0,undefined
CÃ´te dIvoire,1,0,0,undefined
Guyana,1,1,0,undefined
Vatican City,1,0,0,undefined
Jordan,1,0,0,undefined
Liechtenstein,1,0,0,undefined
Mongolia,1,0,0,undefined
Nepal,1,0,1,undefined
Togo,1,0,0,undefined
Turkey,1,0,0,undefined
Ukraine,1,0,0,undefined
China,80945,3180,64196,undefined
Panama,27,1,0,undefined
Australia,200,3,23,undefined
Croatia,32,0,1,undefined
Burkina Faso,2,0,0,undefined
Albania,33,1,0,undefined
Canada,193,1,8,undefined
United Kingdom,801,8,19,undefined
Philippines,64,5,2,undefined
Nepal,1,0,1,undefined
Sri Lanka,6,0,1,undefined
United Arab Emirates,85,0,17,undefined
Thailand,75,1,35,undefined
Cambodia,5,0,1,undefined
San Marino,80,5,0,undefined
Germany,3675,7,46,undefined
Congo [DRC],2,0,0,undefined
Honduras,2,0,0,undefined
United States,2179,47,12,undefined
Algeria,26,2,8,undefined
France,3672,79,12,undefined
Oman,19,0,9,undefined
Japan,1397,26,443,undefined
Italy,17660,1266,1439,undefined
Iraq,101,9,24,undefined
Lebanon,77,3,1,undefined
Ukraine,3,1,0,undefined
Austria,504,1,6,undefined
Switzerland,1139,11,4,undefined
Ireland,90,1,0,undefined
Georgia,25,0,0,undefined
Bangladesh,3,0,0,undefined
Kuwait,80,0,5,undefined
Macedonia [FYROM],14,0,1,undefined
Brazil,151,0,0,undefined
Greece,190,1,0,undefined
Sweden,814,1,1,undefined
Pakistan,28,0,2,undefined
Norway,996,0,1,undefined
Turkey,5,0,0,undefined
Bahrain,189,0,44,undefined
Iceland,134,0,1,undefined
Ecuador,17,0,0,undefined
Estonia,79,0,0,undefined
Denmark,804,0,1,undefined
Netherlands,804,10,0,undefined
Cuba,4,0,0,undefined
Nigeria,2,0,0,undefined
Lithuania,6,0,0,undefined
New Zealand,5,0,0,undefined
Belarus,27,0,3,undefined
Azerbaijan,15,1,3,undefined
Armenia,8,0,0,undefined
Kazakhstan,4,0,0,undefined
Iran,11364,514,2959,undefined
Israel,161,0,4,undefined
Cayman Islands,1,0,0,undefined
Czech Republic,141,0,0,undefined
Qatar,320,0,0,undefined
Singapore,200,0,97,undefined
Guadeloupe,1,0,0,undefined
Dominican Republic,5,0,0,undefined
Egypt,80,2,27,undefined
Bolivia,3,0,0,undefined
Indonesia,69,4,2,undefined
South Korea,7979,66,510,undefined
Latvia,17,0,1,undefined
Senegal,10,0,1,undefined
Ethiopia,1,0,0,undefined
Sudan,1,1,0,undefined
Portugal,112,0,1,undefined
Andorra,1,0,0,undefined
Guinea,1,0,0,undefined
Antigua and Barbuda,1,0,0,undefined
Belgium,559,3,1,undefined
Russia,45,0,3,undefined
India,82,2,4,undefined
Morocco,7,1,1,undefined
Aruba,2,0,0,undefined
Argentina,31,2,0,undefined
Chile,43,0,0,undefined
Jordan,1,0,1,undefined
Kenya,1,0,0,undefined
Poland,68,2,0,undefined
Hungary,19,0,0,undefined
Slovenia,141,0,0,undefined
Finland,155,0,1,undefined
South Africa,24,0,0,undefined
Bosnia and Herzegovina,13,0,0,undefined
Saudi Arabia,86,0,1,undefined
CÃ´te dIvoire,1,0,0,undefined
Luxembourg,34,0,0,undefined
Costa Rica,23,0,0,undefined
Bhutan,1,0,0,undefined
Spain,5232,133,193,undefined
Malaysia,197,0,26,undefined
Vatican City,1,0,0,undefined
Serbia,35,0,0,undefined
Cameroon,2,0,0,undefined
Slovakia,32,0,0,undefined
Togo,1,0,0,undefined
Peru,28,0,0,undefined
Romania,89,0,7,undefined
Mexico,12,0,4,undefined
Colombia,13,0,0,undefined
Brunei,37,0,0,undefined
Martinique,3,0,0,undefined
French Guiana,5,0,0,undefined
Malta,12,0,1,undefined
Paraguay,6,0,0,undefined
Moldova,6,0,0,undefined
Maldives,9,0,0,undefined
Bulgaria,23,1,0,undefined
Tunisia,16,0,0,undefined
Cyprus,14,0,0,undefined
Vietnam,47,0,16,undefined
Mongolia,1,0,0,undefined
Jamaica,8,0,0,undefined
Afghanistan,7,0,0,undefined
Monaco,2,0,0,undefined
Liechtenstein,1,0,0,undefined
Guyana,1,1,0,undefined
Taiwan,50,1,20,undefined
China,80977,3193,65660,undefined
Italy,21157,1441,1966,undefined
Iran,12729,611,2959,undefined
South Korea,8086,72,510,undefined
Spain,6391,195,517,undefined
Germany,4585,9,46,undefined
France,4486,91,12,undefined
Switzerland,1359,13,4,undefined
United Kingdom,1143,21,19,undefined
Norway,1090,3,1,undefined
Sweden,961,2,1,undefined
Netherlands,959,12,2,undefined
Denmark,836,1,1,undefined
Japan,1469,29,443,undefined
Belgium,689,4,1,undefined
Austria,655,1,6,undefined
United States,2725,54,12,undefined
Qatar,337,0,4,undefined
Malaysia,238,0,35,undefined
Greece,228,3,8,undefined
Finland,225,0,1,undefined
Singapore,212,0,105,undefined
Bahrain,210,0,44,undefined
Israel,193,0,4,undefined
Czech Republic,189,0,0,undefined
Slovenia,181,1,0,undefined
Portugal,169,0,2,undefined
Iceland,156,0,1,undefined
Brazil,151,0,0,undefined
Ireland,129,2,0,undefined
Romania,123,0,9,undefined
Estonia,115,0,0,undefined
Australia,250,3,23,undefined
Philippines,111,8,2,undefined
Iraq,110,10,26,undefined
Egypt,109,2,27,undefined
Kuwait,104,0,5,undefined
Poland,103,3,0,undefined
Saudi Arabia,103,0,1,undefined
India,102,2,4,undefined
Indonesia,96,5,8,undefined
Lebanon,93,3,1,undefined
United Arab Emirates,85,0,17,undefined
Thailand,82,1,35,undefined
San Marino,80,5,4,undefined
Canada,196,1,8,undefined
Chile,61,0,0,undefined
Russia,59,0,8,undefined
Taiwan,53,1,20,undefined
Vietnam,53,0,16,undefined
Luxembourg,51,1,0,undefined
Serbia,46,0,0,undefined
Slovakia,44,0,0,undefined
Bulgaria,41,2,0,undefined
Brunei,40,0,0,undefined
Albania,38,1,0,undefined
Croatia,38,0,1,undefined
Peru,38,0,0,undefined
South Africa,38,0,0,undefined
Algeria,37,3,12,undefined
Panama,36,1,0,undefined
Argentina,34,2,1,undefined
Pakistan,31,0,2,undefined
Georgia,30,0,0,undefined
Hungary,30,0,1,undefined
Ecuador,28,2,0,undefined
Belarus,27,0,3,undefined
Costa Rica,26,0,0,undefined
Cyprus,26,0,0,undefined
Latvia,26,0,1,undefined
Mexico,26,0,4,undefined
Colombia,22,0,0,undefined
Oman,19,0,9,undefined
Armenia,18,0,0,undefined
Bosnia and Herzegovina,18,0,0,undefined
Malta,18,0,1,undefined
Tunisia,18,0,0,undefined
Morocco,17,1,1,undefined
Azerbaijan,15,1,3,undefined
Macedonia [FYROM],14,0,1,undefined
Moldova,12,0,0,undefined
Afghanistan,11,0,0,undefined
Dominican Republic,11,0,0,undefined
Bolivia,10,0,0,undefined
Maldives,10,0,0,undefined
Senegal,10,0,1,undefined
Sri Lanka,10,0,1,undefined
Martinique,9,0,0,undefined
Jamaica,8,0,0,undefined
Lithuania,8,0,0,undefined
Cambodia,7,0,1,undefined
Kazakhstan,6,0,0,undefined
New Zealand,6,0,0,undefined
Paraguay,6,0,0,undefined
French Guiana,5,0,0,undefined
Turkey,5,0,0,undefined
Cuba,4,0,0,undefined
Liechtenstein,4,0,0,undefined
Uruguay,4,0,0,undefined
Bangladesh,3,0,0,undefined
Ghana,3,0,0,undefined
Ukraine,3,1,0,undefined
Aruba,2,0,0,undefined
Burkina Faso,2,0,0,undefined
Cameroon,2,0,0,undefined
Congo [DRC],2,0,0,undefined
Honduras,2,0,0,undefined
Jersey,2,0,0,undefined
Monaco,2,0,0,undefined
Namibia,2,0,0,undefined
Nigeria,2,0,0,undefined
Seychelles,2,0,0,undefined
Trinidad and Tobago,2,0,0,undefined
Venezuela,2,0,0,undefined
Andorra,1,0,1,undefined
Antigua and Barbuda,1,0,0,undefined
Bhutan,1,0,0,undefined
Cayman Islands,1,0,0,undefined
CÃ´te dIvoire,1,0,0,undefined
Curacao,1,0,0,undefined
Eswatini,1,0,0,undefined
Ethiopia,1,0,0,undefined
Gabon,1,0,0,undefined
Guadeloupe,1,0,0,undefined
Guatemala,1,0,0,undefined
Guernsey,1,0,0,undefined
Guinea,1,0,0,undefined
Guyana,1,1,0,undefined
Vatican City,1,0,0,undefined
Jordan,1,0,1,undefined
Kenya,1,0,0,undefined
Mauritania,1,0,0,undefined
Mongolia,1,0,0,undefined
Nepal,1,0,1,undefined
Rwanda,1,0,0,undefined
Saint Lucia,1,0,0,undefined
Saint Vincent and the Grenadines,1,0,0,undefined
Sudan,1,1,0,undefined
Suriname,1,0,0,undefined
Togo,1,0,0,undefined
China,81003,3203,67017,undefined
Italy,24747,1809,2335,undefined
Iran,13938,724,4590,undefined
South Korea,8162,75,510,undefined
Spain,7798,289,517,undefined
Germany,5795,11,46,undefined
France,4520,91,12,undefined
Switzerland,2200,14,4,undefined
Norway,1221,3,1,undefined
United Kingdom,1144,21,19,undefined
Netherlands,1135,20,2,undefined
Sweden,1022,3,1,undefined
Belgium,886,4,1,undefined
Denmark,875,2,1,undefined
Austria,860,1,6,undefined
Japan,1535,29,443,undefined
United States,3498,63,12,undefined
Malaysia,428,0,42,undefined
Qatar,401,0,4,undefined
Portugal,245,0,2,undefined
Finland,244,0,10,undefined
Czech Republic,253,0,0,undefined
Greece,331,4,8,undefined
Singapore,226,0,105,undefined
Slovenia,219,1,0,undefined
Bahrain,214,0,60,undefined
Israel,251,0,4,undefined
Brazil,162,0,0,undefined
Iceland,171,5,8,undefined
Philippines,140,11,2,undefined
Estonia,171,0,1,undefined
Australia,297,3,23,undefined
Romania,131,0,9,undefined
Ireland,129,2,0,undefined
Poland,119,3,0,undefined
Indonesia,117,5,8,undefined
Thailand,114,1,35,undefined
India,113,2,13,undefined
Kuwait,112,0,5,undefined
Egypt,110,2,21,undefined
Iraq,116,10,26,undefined
Lebanon,110,3,1,undefined
Canada,250,1,8,undefined
Saudi Arabia,103,0,1,undefined
San Marino,101,5,4,undefined
United Arab Emirates,98,0,23,undefined
Russia,63,0,8,undefined
Chile,74,0,0,undefined
Luxembourg,59,1,0,undefined
Taiwan,59,1,20,undefined
Vietnam,56,0,16,undefined
Slovakia,54,0,0,undefined
Pakistan,53,0,2,undefined
South Africa,51,0,0,undefined
Brunei,50,0,0,undefined
Croatia,49,0,1,undefined
Algeria,48,4,12,undefined
Serbia,48,0,0,undefined
Argentina,45,2,1,undefined
Bulgaria,51,2,0,undefined
Panama,43,1,0,undefined
Peru,43,0,0,undefined
Albania,42,1,0,undefined
Mexico,41,0,4,undefined
Colombia,34,0,0,undefined
Hungary,32,1,1,undefined
Georgia,33,0,0,undefined
Latvia,30,0,1,undefined
Ecuador,28,2,0,undefined
Morocco,28,1,1,undefined
Belarus,27,0,3,undefined
Costa Rica,27,0,0,undefined
Cyprus,26,0,0,undefined
Armenia,26,0,0,undefined
Bosnia and Herzegovina,24,0,0,undefined
Malta,21,0,1,undefined
Oman,22,0,9,undefined
Tunisia,18,0,0,undefined
Afghanistan,16,0,0,undefined
Azerbaijan,23,1,6,undefined
Macedonia [FYROM],14,0,1,undefined
Maldives,13,0,0,undefined
Lithuania,12,0,1,undefined
Moldova,23,0,0,undefined
Dominican Republic,11,0,0,undefined
Sri Lanka,18,0,1,undefined
Bolivia,10,0,0,undefined
Senegal,24,0,1,undefined
Martinique,9,0,0,undefined
Jamaica,10,0,0,undefined
Kazakhstan,9,0,0,undefined
New Zealand,8,0,0,undefined
Venezuela,10,0,0,undefined
Cambodia,7,0,1,undefined
Jordan,8,0,1,undefined
Ghana,6,0,0,undefined
Paraguay,6,0,0,undefined
Turkey,6,0,0,undefined
Bangladesh,5,0,0,undefined
Cuba,4,0,0,undefined
Guyana,4,1,0,undefined
Liechtenstein,4,0,0,undefined
Uruguay,4,0,0,undefined
Honduras,3,0,0,undefined
Ukraine,3,1,0,undefined
Aruba,2,0,0,undefined
Burkina Faso,3,0,0,undefined
Cameroon,2,0,0,undefined
Congo [DRC],2,0,0,undefined
Jersey,2,0,0,undefined
Kosovo,2,0,0,undefined
Monaco,2,0,0,undefined
Namibia,2,0,0,undefined
Nigeria,2,0,0,undefined
Seychelles,2,0,0,undefined
Trinidad and Tobago,2,0,0,undefined
Andorra,1,0,1,undefined
Antigua and Barbuda,1,0,0,undefined
Bhutan,1,0,0,undefined
Cayman Islands,1,0,0,undefined
Central African Republic,1,0,0,undefined
Congo (Brazzaville),1,0,0,undefined
CÃ´te dIvoire,1,0,0,undefined
Curacao,1,0,0,undefined
Equatorial Guinea,1,0,0,undefined
Eswatini,1,0,0,undefined
Ethiopia,1,0,0,undefined
Gabon,1,0,0,undefined
Guadeloupe,3,0,0,undefined
Guatemala,1,0,0,undefined
Guernsey,1,0,0,undefined
Guinea,1,0,0,undefined
Vatican City,1,0,0,undefined
Kenya,3,0,0,undefined
Mauritania,1,0,0,undefined
Mongolia,1,0,0,undefined
Nepal,1,0,1,undefined
Rwanda,1,0,0,undefined
Saint Lucia,2,0,0,undefined
Saint Vincent and the Grenadines,1,0,0,undefined
Sudan,1,1,0,undefined
Suriname,1,0,0,undefined
Togo,1,0,0,undefined
Uzbekistan,1,0,0,undefined
China,81033,3217,67910,undefined
Italy,27980,2158,2749,undefined
Iran,14991,853,4590,undefined
Spain,9942,342,530,undefined
South Korea,8236,75,1137,undefined
Germany,7272,17,67,undefined
France,6659,148,12,undefined
Switzerland,2200,14,4,undefined
United Kingdom,1551,56,21,undefined
Netherlands,1414,24,2,undefined
Norway,1333,3,1,undefined
Sweden,1103,6,1,undefined
Belgium,1058,5,1,undefined
Austria,1018,3,6,undefined
United States,4632,85,17,undefined
Denmark,932,3,1,undefined
Japan,1521,34,469,undefined
Malaysia,566,0,42,undefined
Qatar,439,0,4,undefined
Greece,331,4,8,undefined
Portugal,331,0,3,undefined
Czech Republic,298,0,3,undefined
Finland,277,0,10,undefined
Israel,255,0,4,undefined
Slovenia,253,1,0,undefined
Singapore,243,0,109,undefined
Bahrain,214,1,77,undefined
Estonia,205,0,1,undefined
Brazil,200,0,1,undefined
Iceland,180,0,0,undefined
Canada,415,4,9,undefined
Poland,177,4,13,undefined
Australia,377,3,23,undefined
Ireland,169,2,0,undefined
Romania,158,0,9,undefined
Chile,155,0,0,undefined
Egypt,150,2,27,undefined
Thailand,147,1,35,undefined
Philippines,142,12,2,undefined
Pakistan,136,0,2,undefined
Indonesia,134,5,8,undefined
Iraq,124,10,26,undefined
Kuwait,123,0,9,undefined
India,119,2,13,undefined
Saudi Arabia,118,0,2,undefined
San Marino,109,7,4,undefined
Lebanon,99,3,1,undefined
United Arab Emirates,98,0,23,undefined
Russia,90,0,8,undefined
Peru,86,0,0,undefined
Luxembourg,77,1,0,undefined
Taiwan,67,1,20,undefined
Slovakia,63,0,0,undefined
South Africa,62,0,0,undefined
Vietnam,61,0,16,undefined
Croatia,57,0,2,undefined
Argentina,56,2,1,undefined
Panama,55,1,0,undefined
Serbia,55,0,1,undefined
Algeria,54,4,12,undefined
Brunei,54,0,0,undefined
Colombia,54,0,0,undefined
Mexico,53,0,4,undefined
Armenia,52,0,0,undefined
Bulgaria,52,2,0,undefined
Albania,51,1,0,undefined
Hungary,39,1,1,undefined
Ecuador,37,2,0,undefined
Belarus,36,0,3,undefined
Costa Rica,35,0,0,undefined
Latvia,34,0,1,undefined
Cyprus,33,0,0,undefined
Georgia,33,0,1,undefined
Malta,30,0,2,undefined
Morocco,29,1,1,undefined
Sri Lanka,28,0,1,undefined
Bosnia and Herzegovina,25,0,0,undefined
Senegal,24,0,2,undefined
Moldova,23,0,0,undefined
Oman,22,0,9,undefined
Afghanistan,21,0,1,undefined
Tunisia,20,0,0,undefined
Macedonia [FYROM],18,0,1,undefined
Turkey,18,0,0,undefined
Jordan,17,0,1,undefined
Lithuania,17,0,1,undefined
Venezuela,17,0,0,undefined
Azerbaijan,15,1,6,undefined
Burkina Faso,15,0,0,undefined
Martinique,15,1,0,undefined
Maldives,13,0,0,undefined
Bolivia,11,0,0,undefined
Dominican Republic,11,0,0,undefined
French Guiana,11,0,0,undefined
Jamaica,10,0,2,undefined
Kazakhstan,10,0,0,undefined
Bangladesh,8,0,2,undefined
New Zealand,8,0,0,undefined
Paraguay,8,0,0,undefined
Uruguay,8,0,0,undefined
Cambodia,7,0,1,undefined
Monaco,7,0,0,undefined
Ukraine,7,1,0,undefined
Ghana,6,0,0,undefined
Guadeloupe,6,0,0,undefined
Honduras,6,0,0,undefined
Uzbekistan,6,0,0,undefined
Ethiopia,5,0,0,undefined
Rwanda,5,0,0,undefined
Cameroon,4,0,0,undefined
Cuba,4,0,0,undefined
Guyana,4,1,0,undefined
Liechtenstein,4,0,0,undefined
Trinidad and Tobago,4,0,0,undefined
Guam,3,0,0,undefined
Kenya,3,0,0,undefined
Puerto Rico,3,0,0,undefined
Seychelles,3,0,0,undefined
Andorra,2,0,1,undefined
Aruba,2,0,0,undefined
Congo [DRC],2,0,0,undefined
Guatemala,2,1,0,undefined
Jersey,2,0,0,undefined
Kosovo,2,0,0,undefined
Namibia,2,0,0,undefined
Nigeria,2,0,0,undefined
Saint Lucia,2,0,0,undefined
Antigua and Barbuda,1,0,0,undefined
Benin,1,0,0,undefined
Bhutan,1,0,0,undefined
Central African Republic,1,0,0,undefined
Congo (Brazzaville),1,0,0,undefined
CÃ´te dIvoire,1,0,0,undefined
Equatorial Guinea,1,0,0,undefined
Eswatini,1,0,0,undefined
Gabon,1,0,0,undefined
Greenland,1,0,0,undefined
Guernsey,1,0,0,undefined
Guinea,1,0,0,undefined
Vatican City,1,0,0,undefined
Liberia,1,0,0,undefined
Mauritania,1,0,0,undefined
Mayotte,1,0,0,undefined
Mongolia,1,0,0,undefined
Nepal,1,0,1,undefined
Republic of the Congo,1,0,0,undefined
Saint Vincent and the Grenadines,1,0,0,undefined
Somalia,1,0,0,undefined
Sudan,1,1,0,undefined
Suriname,1,0,0,undefined
Tanzania,1,0,0,undefined
The Bahamas,1,0,0,undefined
Togo,1,0,0,undefined
China,81058,3230,68798,undefined
Italy,31506,2503,2941,undefined
Iran,16169,988,5389,undefined
Spain,11748,533,1028,undefined
Germany,9257,24,67,undefined
South Korea,8320,81,1407,undefined
France,7692,148,12,undefined
Switzerland,2700,27,4,undefined
United Kingdom,1960,56,53,undefined
United States,6421,108,17,undefined
Netherlands,1708,43,2,undefined
Norway,1463,3,1,undefined
Austria,1332,3,1,undefined
Belgium,1243,10,1,undefined
Sweden,1190,7,1,undefined
Denmark,1024,4,1,undefined
Japan,1574,36,469,undefined
Malaysia,673,2,49,undefined
Portugal,448,1,3,undefined
Qatar,439,0,4,undefined
Czech Republic,396,0,3,undefined
Greece,387,5,8,undefined
Israel,337,0,11,undefined
Brazil,321,1,2,undefined
Finland,321,0,10,undefined
Slovenia,275,1,0,undefined
Singapore,266,0,114,undefined
Poland,238,5,13,undefined
Pakistan,236,0,2,undefined
Bahrain,228,1,81,undefined
Estonia,225,0,1,undefined
Ireland,223,2,5,undefined
Iceland,220,1,0,undefined
Australia,452,5,23,undefined
Chile,201,0,0,undefined
Egypt,196,4,32,undefined
Philippines,187,12,5,undefined
Canada,478,5,9,undefined
Romania,184,0,16,undefined
Thailand,177,1,41,undefined
Indonesia,172,5,8,undefined
Saudi Arabia,171,0,6,undefined
Iraq,154,11,32,undefined
India,142,3,14,undefined
Luxembourg,140,1,0,undefined
Kuwait,130,0,9,undefined
Lebanon,120,3,3,undefined
Peru,117,0,1,undefined
Russia,114,0,8,undefined
San Marino,109,7,4,undefined
United Arab Emirates,98,0,23,undefined
Mexico,82,0,4,undefined
Armenia,78,0,1,undefined
Taiwan,77,1,22,undefined
Slovakia,72,0,0,undefined
Panama,69,1,0,undefined
Argentina,68,2,3,undefined
Bulgaria,67,2,0,undefined
Vietnam,66,0,16,undefined
Colombia,65,0,1,undefined
Croatia,65,0,4,undefined
Serbia,65,0,1,undefined
South Africa,62,0,0,undefined
Algeria,60,4,12,undefined
Ecuador,58,2,0,undefined
Brunei,56,0,0,undefined
Albania,55,1,0,undefined
Hungary,50,1,2,undefined
Latvia,49,0,1,undefined
Turkey,47,1,0,undefined
Cyprus,46,0,0,undefined
Sri Lanka,44,0,1,undefined
Costa Rica,41,0,0,undefined
Andorra,39,0,1,undefined
Malta,38,0,2,undefined
Morocco,38,2,1,undefined
Belarus,36,0,3,undefined
Georgia,34,0,1,undefined
Jordan,34,0,1,undefined
Cambodia,33,0,1,undefined
Kazakhstan,33,0,0,undefined
Venezuela,33,0,0,undefined
Moldova,30,0,1,undefined
Uruguay,29,0,0,undefined
Azerbaijan,28,1,6,undefined
Bosnia and Herzegovina,26,0,2,undefined
Macedonia [FYROM],26,0,1,undefined
Senegal,26,0,2,undefined
Lithuania,25,0,1,undefined
Oman,24,0,9,undefined
Tunisia,24,0,0,undefined
Afghanistan,22,0,1,undefined
Dominican Republic,21,1,0,undefined
Guadeloupe,18,0,0,undefined
Martinique,16,1,0,undefined
Burkina Faso,15,0,0,undefined
Ukraine,14,2,0,undefined
Maldives,13,0,0,undefined
Jamaica,12,0,2,undefined
New Zealand,12,0,0,undefined
Bolivia,11,0,0,undefined
French Guiana,11,0,0,undefined
Bangladesh,10,0,3,undefined
Cameroon,10,0,0,undefined
Uzbekistan,10,0,0,undefined
Paraguay,9,0,0,undefined
Honduras,8,0,0,undefined
Ghana,7,0,0,undefined
Guyana,7,1,0,undefined
Liechtenstein,7,0,0,undefined
Monaco,7,0,0,undefined
Rwanda,7,0,0,undefined
Guatemala,6,1,0,undefined
CÃ´te dIvoire,5,0,1,undefined
Cuba,5,0,0,undefined
Ethiopia,5,0,0,undefined
Mongolia,5,0,0,undefined
Trinidad and Tobago,5,0,0,undefined
Seychelles,4,0,0,undefined
Aruba,3,0,0,undefined
Congo [DRC],3,0,0,undefined
Guam,3,0,0,undefined
Kenya,3,0,0,undefined
Nigeria,3,0,0,undefined
Barbados,2,0,0,undefined
Kosovo,2,0,0,undefined
Montenegro,2,0,0,undefined
Namibia,2,0,0,undefined
Saint Lucia,2,0,0,undefined
Antigua and Barbuda,1,0,0,undefined
Benin,1,0,0,undefined
Bhutan,1,0,0,undefined
Central African Republic,1,0,0,undefined
Congo (Brazzaville),1,0,0,undefined
Equatorial Guinea,1,0,0,undefined
Eswatini,1,0,0,undefined
Gabon,1,0,0,undefined
Greenland,1,0,0,undefined
Guinea,1,0,0,undefined
Vatican City,1,0,0,undefined
Liberia,1,0,0,undefined
Mauritania,1,0,0,undefined
Mayotte,1,0,0,undefined
Nepal,1,0,1,undefined
Saint Vincent and the Grenadines,1,0,0,undefined
Somalia,1,0,0,undefined
Sudan,1,1,0,undefined
Suriname,1,0,0,undefined
Tanzania,1,0,0,undefined
The Bahamas,1,0,0,undefined
The Gambia,1,0,0,undefined
Togo,1,0,0,undefined
